Restaurant,City,State,Country,Cuisine Type,Date,Rating,Menu Items tried:,Extra Notes:,Revisit ?,Neighborhood,Cost,Delivery?,Vibes
Phê,Seattle,WA,USA,Cafe,"June 24, 2025",⭐️⭐️⭐️⭐️⭐️,Banana pudding hojicha latte,"Pretty pricy for a latte ($10!). Usually there’s a long line on the weekends, but during the weekday it was empty. No wi-fi. Want to try the hyped matcha… when they’re finally back in stock. Food menu looks good too",No,Capital Hill,$$,No,Counter-Service/To-Go
Falafelville,Seattle,WA,USA,Mediterranean,"June 22, 2025",⭐️⭐️⭐️,Chicken shawarma salad; greek salad,Chicken was a bit dry for me and there were 2 pieces of lettuce?,No,,$$,Yes,Counter-Service/To-Go
Cafe Flora,Seattle,WA,USA,"American, Brunch","June 22, 2025",⭐️⭐️⭐️⭐️,Polenta pancake with lemon-y chevre and cherries; ranchero Colorado scramble with cheesy grits; sourdough toast,,No,,$$,No,Casual
Valhalla Sandwiches,Seattle,WA,USA,Sandwiches,"June 21, 2025",⭐️⭐️⭐️⭐️⭐️,Shrimp po-mofo as a bowl; sweet potato tots; roast beef sandwich,,No,Greenwood,$$,No,Counter-Service/To-Go
Braud & Co,Reykjavik,,Iceland,Bakery,"June 20, 2025",⭐️⭐️⭐️⭐️,Pain au chocolate,A bit bready for a croissant,No,,$,No,Counter-Service/To-Go
Icelandic Street Food,Reykjavik,,Denmark,Icelandic,"June 20, 2025",⭐️⭐️⭐️⭐️,Traditional lamb soup; spicy tomato soup; waffle with jam,Unlimited soup refills and free waffles!,No,,$$,No,Counter-Service/To-Go
Fisketorget Delikatesse AS,Alesund,,Norway,Scandinavian,"June 11, 2025",⭐️⭐️⭐️⭐️⭐️,Fish stew; bread with aioli??; fish and chips,,No,,$$$,No,"Casual, Upscale"
Juno the Bakery,Copenhagen,,Denmark,Bakery,"June 8, 2025",⭐️⭐️⭐️⭐️⭐️,Rhubarb custard buns; chocolate croissants,,No,,$,No,Counter-Service/To-Go
Mad & Kaffe,Copenhagen,,Denmark,Brunch,"June 8, 2025",⭐️⭐️⭐️⭐️⭐️,Hot honey nugget; grilled peach; frittata; asparagus; avocado; rhubarb trifle,Kind of like hip dim sum,No,,$$,No,Casual
Folkehuset Absalon,Copenhagen,,Denmark,Scandinavian,"June 7, 2025",⭐️⭐️⭐️⭐️,Chicken with olives and other stewed vegetables,Social Dining,No,,$$,No,Casual
Kanalhuset,Copenhagen,,Denmark,Scandinavian,"June 6, 2025",⭐️⭐️⭐️⭐️,Carrot top pesto and sourdough; spring peas and potatos; fish with muhammara,Social dining,No,,$$$,No,Casual
Ooink,Seattle,WA,USA,Japanese,"June 4, 2025",⭐️⭐️⭐️,Black garlic; standard; cucumber salad; gyoza,,No,Capital Hill,$$,No,Counter-Service/To-Go
Ice Cream Social,Bainbridge Island,WA,USA,Dessert,"June 1, 2025",⭐️⭐️⭐️⭐️⭐️,Strawberry ice cream,“New Zealand” style ice-cream. It was vanilla with strawberry mixed in,No,,$,No,Counter-Service/To-Go
Proper Fish,Bainbridge Island,WA,USA,English,"June 1, 2025",⭐️⭐️⭐️⭐️⭐️,British style fish and chips; chowder; onion rings,The fish are so big omg,No,,$$,No,Counter-Service/To-Go
Storyville Coffee,Seattle,WA,USA,Cafe,"June 1, 2025",⭐️⭐️⭐️,"Cappucino, latte, chocolate croissant","Homemade croissant was bread-y but I liked it still, the outside had a sugar syrup crust which gave it crisp. But $30 for only three items was crazy",No,Downtown,$$,No,Counter-Service/To-Go
Blazing Onion Burger,Lynnwood,WA,USA,American,"May 30, 2025",⭐️⭐️⭐️⭐️,B.O.B burger; cajun chicken sandwich with sweet potato fries; chocolate milkshake,,No,,$$,No,Counter-Service/To-Go
Layers Green Lake,Seattle,WA,USA,Sandwiches,"May 30, 2025",⭐️⭐️⭐️⭐️⭐️,Beauty in the beef (roast beef sandwich); tuna salad sandwich; spuds; chicory caesar salad,,No,Greenlake,$$,No,Counter-Service/To-Go
Acre,Auburn,AL,USA,New American,"May 24, 2025",⭐️⭐️⭐️⭐️⭐️,"Too many that I’ve forgotten, but most recently fish tacos; green goddess salad; carrot cake; chocolate stout cake",This is Will and my go to restaurant in Auburn,No,,$$$,No,Upscale
Auburn Popcorn Company,Auburn,AL,USA,Dessert,"May 23, 2025",⭐️⭐️⭐️⭐️,Raspberry chocolate truffle ice cream,They have my favorite Hershey’s ice cream from Swarthmore !!!!!!,No,,$,No,Counter-Service/To-Go
Side Track,Auburn,AL,USA,Cafe,"May 23, 2025",⭐️⭐️⭐️⭐️⭐️,Jump man; latte; chocolate croissant; croissant,Has Stinson Bread’s pastries. It was only $11 for two coffees and two pastries omg. The pastries was so great !!,Yes,,$,No,Counter-Service/To-Go
Well Red,Auburn,AL,USA,Cafe,"May 22, 2025",⭐️⭐️⭐️⭐️,"Lavender latte; cold brew with cold foam; bacon, cheddar biscuit",,No,,$,No,Counter-Service/To-Go
Bryant Park Grill,Manhattan,NY,USA,American,"May 20, 2025",⭐️⭐️⭐️⭐️,Salmon with assorted vegetables; seafood pasta; fish and chips,,No,,$$$,No,Upscale
Peppercorn Station,Manhattan,NY,USA,Chinese,"May 20, 2025",⭐️⭐️⭐️⭐️⭐️,"Sour, spicy fillet soup; snow pea tea leaves; ci ba","Chengdu7 ci ba is still the best, but I liked the food a lot and so did mom",No,,$$,No,Counter-Service/To-Go
Go Believe Bakery ,Manhattan,NY,USA,Bakery,"May 19, 2025",⭐️⭐️⭐️⭐️⭐️,Rou song bun; egg custard bun; egg tarts,$1.75 for like everything. Mom was pleased,No,Chinatown,$,No,Counter-Service/To-Go
10000 Coffee,Manhattan,NY,USA,Cafe,"May 19, 2025",⭐️⭐️⭐️⭐️,Onyx latte; matcha einspanner,Based in Australia. I didn’t like the cashier both times I went lol,No,,$,No,Counter-Service/To-Go
Seed+Mill,Manhattan,NY,USA,Dessert,"May 19, 2025",⭐️⭐️⭐️,Sesame sundae w/ halva and tihini,"The softserve was oat milk and a little off, but I liked the halva and sesame flavor",No,,$,No,Counter-Service/To-Go
Very Fresh Noodles,Manhattan,NY,USA,Chinese,"May 19, 2025",⭐️⭐️⭐️⭐️,Cumin lamb noodle soup; Taiwan beef noodle soup; tiger salad,,No,,$$,No,Counter-Service/To-Go
Hani’s Bakery,Manhattan,NY,USA,Bakery,"May 19, 2025",⭐️⭐️⭐️⭐️⭐️,Cinnamon roll with malted glaze,So good and the croissants looked amazing and creative,Yes,,$$,No,Counter-Service/To-Go
Yubu,Manhattan,NY,USA,Korean,"May 19, 2025",⭐️⭐️⭐️,,,No,,$$,No,Counter-Service/To-Go
Spongie’s Cafe,Manhattan,NY,USA,Cafe,"May 18, 2025",⭐️⭐️⭐️,"Hong Kong sponge cakes: original, Thai tea, purple yam, pandan","Flavors were very subtle, almost like an aftertaste",No,,$,No,Counter-Service/To-Go
Tall Poppy,Manhattan,NY,USA,Bakery,"May 18, 2025",⭐️⭐️⭐️⭐️⭐️,Tiramisu croissant; cinnamon roll,"The cinnamon roll was kind of crunchy from the sugar, but I liked that",No,,$$,No,Counter-Service/To-Go
Chama Mama,Manhattan,NY,USA,Georgian,"May 18, 2025",⭐️⭐️⭐️,Kachapuri; mushrooms; feast of Georgia (assorted spreads); some type of chicken curry,Portions are small and bread is dry ,No,,$$$,No,Casual
Dialogue Coffee,Manhattan,NY,USA,Cafe,"May 18, 2025",⭐️⭐️⭐️⭐️⭐️,Carrot cake latte,,No,,$,No,Counter-Service/To-Go
Cariñito Tacos,Manhattan,NY,USA,Tacos,"May 17, 2025",⭐️⭐️⭐️⭐️,Sichuan crunchwrap; thai taco; corn ribs; chips and guac,Mexico City taqueria popup that’s Asian fusion,No,,$$,No,Counter-Service/To-Go
Winson Bakery,Manhattan,NY,USA,Cafe,"May 17, 2025",⭐️⭐️⭐️⭐️,Bacon and cheese scallion pancake; rou bao; fried chicken on milk bun with wasabi dressed salad,,Yes,,$$,No,Counter-Service/To-Go
Seven Grams Caffee,Manhattan,NY,USA,Cafe,"May 17, 2025",⭐️⭐️⭐️,Nitro cold brew; chocolate chip cookie,"“I’m gooey” is what their marketing says, and the chocolate is indeed soft, but idk if I liked a soft cookie",No,,$,No,Counter-Service/To-Go
Claude,Manhattan,NY,USA,Bakery,"May 17, 2025",⭐️⭐️⭐️⭐️⭐️,Chocolate croissant; artichoke danish; Manhattan blackout cake,I made us go because of the name lol,No,,$,No,Counter-Service/To-Go
Soso’s,Manhattan,NY,USA,New American,"May 16, 2025",⭐️⭐️⭐️⭐️⭐️,,,No,Chinatown,$$$,No,Casual
Yi Ji Shi Mo,Manhattan,NY,USA,Chinese,"May 16, 2025",⭐️⭐️⭐️⭐️,Signature rice roll,,No,Chinatown,$,No,Counter-Service/To-Go
Salswee,Manhattan,NY,USA,Bakery,"May 16, 2025",⭐️⭐️⭐️⭐️⭐️,Matcha croissant,Their savory croissants looked gooood,Yes,Midtown,$,No,Counter-Service/To-Go
L’Industrie Pizza,Manhattan,NY,USA,Pizza,"May 15, 2025",⭐️⭐️⭐️⭐️⭐️,Spicy salami with hot honey; L’Industrie; Sausage Pesto,,No,West Village,$,No,Counter-Service/To-Go
Nuar,Manhattan,NY,USA,Dessert,"May 15, 2025",⭐️⭐️⭐️,Signature blended Thai tea latte,,No,Midtown,$,No,Counter-Service/To-Go
Hey Tea,Seattle,WA,USA,Dessert,"May 12, 2025",⭐️⭐️⭐️⭐️,Cheese foam matcha latte,,No,SLU,$$,No,Counter-Service/To-Go
Bait Shop,Seattle,WA,USA,Bar,"May 11, 2025",⭐️⭐️⭐️⭐️⭐️,Fish and chips; fried chicken salad,Will likes to deliver their fish and chips. Pretty solid tbh,No,Capital Hill,$$,Yes,Counter-Service/To-Go
Son of a Butcher,Fort Worth,TX,USA,"American, Sandwiches","May 11, 2025",⭐️⭐️⭐️⭐️⭐️,Cowboy wagyu slider; comback fried chicken slider; thai brussel sprouts; waffle sweet potato fries; brownie milkshake,,No,,$$,No,Counter-Service/To-Go
Susie Cakes,Multiple,Multiple,USA,Dessert,"May 10, 2025",⭐️⭐️⭐️,Chocolate cake; carrot cake,"Good, but made me miss Sweet Jills in Long Beach, CA",No,,$$,No,Counter-Service/To-Go
Weinberger’s Deli,Grapevine,TX,USA,Sandwiches,"May 10, 2025",⭐️⭐️⭐️⭐️⭐️,The Italian Beef; pork band mi,,No,,$$,No,Counter-Service/To-Go
Hatsuyuki Handroll,Fort Worth,TX,USA,Sushi,"May 10, 2025",⭐️⭐️⭐️⭐️⭐️,Salmon belly nigiri; salmon with truffle ponzu sashimi; toro handroll; crab handroll; uni nigiri,"I realllllly like uni. Everything melts in your mouth, it’s so fresh and tender",No,,$$$,No,Casual
Van Leeuwen,Multiple,,USA,Dessert,"May 9, 2025",⭐️⭐️⭐️⭐️,Cookie sandwich with dark chocolate fudge brownie ,,No,,$$,No,Counter-Service/To-Go
GH Sply,Fort Worth,TX,USA,American,"May 9, 2025",⭐️⭐️⭐️⭐️,Curry bowl with grilled chicken; queso (cashew vegan); turkey melt,Health conscious food? Seems like a gimmick,No,,$$,No,Casual
Jon’s Grille,Fort Worth,TX,USA,American,"May 9, 2025",⭐️⭐️⭐️⭐️⭐️,"Fried pickles; fried onion rings; sampling platter (ribs, burnt ends, smoked wings)",,No,,$$,No,Casual
Common Grounds,Fort Worth,TX,USA,Cafe,"May 9, 2025",⭐️⭐️⭐️,Rodeo clown (secret sauce + drip coffee + milk); ham and swiss croissant from La Casita Bakeshop,"The coffee was really sweet, but the croissant was great. The barista had her dog there too which was cute",No,,$$,No,Counter-Service/To-Go
Blue Goose Cantina,Fort Worth,TX,USA,Tex-Mex,"May 8, 2025",⭐️⭐️⭐️,Combo fajitas; guacamole; queso,,No,,$$,No,Casual
Jeff’s Texas Style BBQ,Marysville,WA,USA,BBQ,"May 4, 2025",⭐️⭐️⭐️⭐️,Brisket; brisket chili; mac and cheese; coleslaw; pecan pie,,No,,$$,No,Counter-Service/To-Go
Plus84,Seattle,WA,USA,"Cafe, Vietnamese","May 2, 2025",⭐️⭐️⭐️⭐️⭐️,Vietnamese coffee; pate cake; baguette with pork floww,,No,Belltown,$,No,Counter-Service/To-Go
Milk Drunk,Seattle,WA,USA,"Dessert, Fried Chicken","April 29, 2025",⭐️⭐️⭐️⭐️⭐️,Original chicken sandwich; frying fish sandwich; curly fries; cole slaw; and malted chocolate and vanilla swirl,,No,Beacon Hill,$$,No,Counter-Service/To-Go
LeTao,Bellevue,WA,USA,Dessert,"April 28, 2025",⭐️⭐️⭐️⭐️,Double fromage (cheesecake),They don’t like you order slices to go… so Will had to buy an entire cake. Only 4inches in diameter,No,,$$,No,Counter-Service/To-Go
Dumpling The Noodle,Seattle,WA,USA,Chinese,"April 27, 2025",⭐️⭐️⭐️,Hand pulled noodles; corn and chicken dumplings; pan fried pork dumplings; sichuan green beans; cucumber,Reminded me of dough zone; good but not great. Did not like the cucumber salad,No,,$$,Yes,Casual
Three Hearts,Tacoma,WA,USA,Cafe,"April 27, 2025",⭐️⭐️⭐️⭐️⭐️,Huevos ranchero; dutch baby with crispy potatoes; sweet n spicy breakfast sandwich; loaf of sourdough,,No,,$$,No,Counter-Service/To-Go
Von’s 1000 Spirits,Seattle,WA,USA,"American, Pizza","April 25, 2025",⭐️⭐️⭐️⭐️⭐️,Chicken and artichoke pizza; lil pep pizza; mushroom pizza; skillet cookiet,They have sourdough pasta and pizza and other goodies,No,Downtown,$$$,No,Casual
Vivienne’s Bistro,Seattle,WA,USA,Chinese,"April 21, 2025",⭐️⭐️⭐️⭐️,,,No,Downtown,$$$,No,Casual
Kirie Poke,Seattle,WA,USA,Japanese,"April 20, 2025",⭐️⭐️⭐️⭐️⭐️,Regular bowl with sooo many toppings,They let me add unlimited toppings omg.. Crab salad and spicy crab salad?? yum,No,Fremont,$$,Yes,Counter-Service/To-Go
Bonito y Mercardo,Seattle,WA,USA,Cafe,"April 19, 2025",⭐️⭐️⭐️⭐️,Fresa matcha; cold brew with horchata foam,No technology on weekends ..? lol ,No,Capital Hill,$$,No,Counter-Service/To-Go
Off the Rez,Seattle,WA,USA,Cafe,"April 13, 2025",⭐️⭐️⭐️⭐️,Braised bison taco; pulled pork taco; chipotle coleslaw; sweet potato salad,Native indian food; tacos are on frybread ,No,UDistrict,$$,No,Counter-Service/To-Go
Café Canuc,Seattle,WA,USA,Cafe,"April 13, 2025",⭐️⭐️⭐️⭐️,Uji matcha latte with espresso; cold brew with cold foam,"I liked mine, but thought Will’s cold brew was a bit off",No,UDistrict,$,No,Counter-Service/To-Go
Kin Len Thai Bites,Seattle,WA,USA,Thai,"April 13, 2025",⭐️⭐️⭐️⭐️⭐️,Fried banana blossom fries; fried enoki fritters; tom yum; khao soi (10/20/2024),,No,Fremont,$$,No,Casual
Mirabelle by Orphee,Seattle,WA,USA,Cafe,"April 12, 2025",⭐️⭐️⭐️⭐️⭐️,Plain croissant; chocolate croissant,"They ran out almond croissants, but they looked good",No,Pioneer Square,$,No,Counter-Service/To-Go
Salumi,Seattle,WA,USA,Sandwiches,"April 12, 2025",⭐️⭐️⭐️,Meatball sub; caesar salad,Took 30-40 minutes for one sandwich omg :/ I thought the side of marinara could’ve had more salt but I liked how crusty the baguette was,No,Pioneer Square,$$,No,Counter-Service/To-Go
Duke’s Seafood,Seattle,WA,USA,Seafood,"April 12, 2025",⭐️⭐️⭐️⭐️,"Cajun corn chowder, clam chowder, fish and chips (2/12). Unforgettable cod tacos; fish and chips (4/11)",,No,,$$$,No,Casual
Joule,Seattle,WA,USA,"Fusion, Tapas","April 11, 2025",⭐️⭐️⭐️⭐️⭐️,Best and rhubarb salad; chinese scallion pancakes with crème fraiche; spicy rice cakes; cured mackerel; “that” short rib steak ; sesame mochi cake,The spicy rice cakes were my favorite ,No,Fremont,$$$,No,"Casual, Fine Dining"
Sisi Thai Kitchen,Seattle,WA,USA,Thai,"April 8, 2025",⭐️⭐️⭐️⭐️,Tom yum; red curry; crispy cashew chicken; som tum salad,,No,Fremont,$$,Yes,Casual
Sammie’s Italian,Austin,TX,USA,Italian,"April 7, 2025",⭐️⭐️⭐️⭐️⭐️,"Mozzerella sticks; calamari; funghi muffaladine; butternut squash, ricotta gnocchi","Couldn’t hear the waiter at all omg. Each time, we just nodded our heads",No,,$$$,No,Fine Dining
North Italia,Multiple,Multiple,USA,Italian,"April 7, 2025",⭐️⭐️⭐️⭐️,Garlic parmesan bread; caesar salad,,No,,$$,No,Casual
Terry Black’s BBQ,Austin,TX,USA,BBQ,"April 7, 2025",⭐️⭐️⭐️⭐️⭐️,Meats: brisket; pork ribs; jalopeno cheddar sausage and Sides: creamed corn; cole slaw; green beans; mac and cheese,,No,,$$$,No,Counter-Service/To-Go
Houndstooth,Austin,TX,USA,Cafe,"April 7, 2025",⭐️⭐️⭐️,Matcha latte; cappucino; banana muffin,"They had no fun lattes, boring!!",No,Downtown,$,No,Counter-Service/To-Go
Amy’s Ice Cream,Austin,TX,USA,Dessert,"April 6, 2025",⭐️⭐️⭐️⭐️,Mocha campfire treat; brownie sundae with Mexican vanilla,Their setup is like Marble Slab?? Made me nostalgic haha,No,,$,No,Counter-Service/To-Go
Salty Sow,Austin,TX,USA,American,"April 6, 2025",⭐️⭐️⭐️⭐️,Brussels sprouts ceasar salad; Southern greens; slow cooked beef coulder; wagyu tri-steak french dip; chocolate truffle cake; bananas foster beignets,"The waiter was a little overly nice, in a way that felt awkward haha",No,,$$$,No,Casual
Jo’s Coffee,Austin,TX,USA,Cafe,"April 6, 2025",⭐️⭐️⭐️⭐️,"The Belgian (an iced vanilla, hazelnut latte, which is a less sweetened version of their classic Turbo)","They have the crunch ice, which I was not a big fan of for iced coffee",No,,$,No,Counter-Service/To-Go
Home Slice Pizza,Austin,TX,USA,Pizza,"April 6, 2025",⭐️⭐️⭐️⭐️⭐️,White pie with sausage; margarita with pepperoni and garlic; garlic knots,,No,,$$,No,Casual
Taco Flats,Austin,TX,USA,Tex-Mex,"April 5, 2025",⭐️⭐️⭐️⭐️,Dip trio with chips; gringo taco (meh); blackened fish taco (my favorite); birria taco,Tacos were $6 but really big,No,,$$,No,Casual
Maetsro Tacos,Fort Worth,TX,USA,Mexican,"April 4, 2025",⭐️⭐️⭐️⭐️,Barbacoa taco; trompo taco; pollo asado taco; chips and guac; elotes ,The chips hit the spot; but elotes were lack luster,No,,$$,No,Counter-Service/To-Go
Pasta Casalinga,Seattle,WA,USA,Italian,"March 30, 2025",⭐️⭐️⭐️⭐️⭐️,Farmer’s pasta (lamb ragu and red sauce); lasagne (spring peas and sausage),,No,Downtown,$$,No,Counter-Service/To-Go
Hey! I’m Yogust,Seattle,WA,USA,"Chinese, Dessert, Sandwiches","March 29, 2025",⭐️⭐️⭐️⭐️,,,No,,,No,Counter-Service/To-Go
45th Stop n Shop Poke,Seattle,WA,USA,Hawaiian,"March 28, 2025",⭐️⭐️⭐️⭐️,,,No,SLU,$,No,Counter-Service/To-Go
Ludi’s,Seattle,WA,USA,"Brunch, Filipino","March 28, 2025",⭐️⭐️⭐️⭐️⭐️,Ube pancake stack; combo silig,,No,Downtown,$$,No,Counter-Service/To-Go
203 Fahrenheit,Seattle,WA,USA,Cafe,"March 20, 2025",⭐️⭐️⭐️⭐️⭐️,Ube latte,They have a strawberry matcha that looks good,Yes,SLU,$,No,Counter-Service/To-Go
Arashi Ramen,Seattle,WA,USA,Japanese,"March 15, 2025",⭐️⭐️⭐️⭐️,Black garlic ramen; spicy tan tan ramen; gyoza; honey garlic karaage ,,No,Ballard,$$,Yes,Casual
Hurry Curry of Tokyo,Seattle,WA,USA,Japanese,"March 9, 2025",⭐️⭐️⭐️,Tonkatsu curry,"Their curry reminds me of the curry cubes you buy at the store. Good, but nothing to go home about",No,SLU,$$,No,Counter-Service/To-Go
Eva’s Wild Salmon,Seattle,WA,USA,Sandwiches,"March 9, 2025",⭐️⭐️⭐️⭐️⭐️,Salmon sandwich,"Simple but good: arugula, aioli, nice bun and grilled salmon",No,Ballard,$$,No,Food Truck
Spice Waala,Seattle,WA,USA,Indian,"February 22, 2025",⭐️⭐️⭐️⭐️,Chicken kathi roll; lamb roll; chaats,,No,,$,No,Counter-Service/To-Go
Salmonberry,Seattle,OR,USA,Bakery,"February 14, 2025",⭐️⭐️⭐️⭐️⭐️,Sourdough; baker’s box (assorted cookies and poptarts); bagels; corn cookie,,No,Ballard,$$,No,Counter-Service/To-Go
Metropolitan Grill,Seattle,WA,USA,"American, Steak","February 13, 2025",⭐️⭐️⭐️⭐️⭐️,,,No,Downtown,$$$$,No,Fine Dining
George Coffee and Pastries,Seattle,WA,USA,Cafe,"February 13, 2025",⭐️⭐️⭐️⭐️,Chocolate croissant,"They can heat it up for you. It had layers that flaked off, but more on the dough-y side for a croissant",No,UDistrict,$,No,Counter-Service/To-Go
Sip House,Seattle,WA,USA,Cafe,"February 13, 2025",⭐️⭐️⭐️⭐️⭐️,Ube latte; chocolate croissant; Hanoi milk tea,,No,UDistrict,$,No,Counter-Service/To-Go
Lupe’s Situ Tacos,Seattle,WA,USA,Mexican,"February 9, 2025",⭐️⭐️⭐️⭐️,Nachos; papas tacos,Their chips are thick and remind me of Tacoria. Best nachos so far in Seattle,No,Ballard,$$,No,Counter-Service/To-Go
Bonta Gelato,Bend,OR,USA,Dessert,"February 7, 2025",⭐️⭐️⭐️⭐️,Peanut butter fudge; white chocolate peppermint; Mayan chocolate,Only docked a little because for $1 toppings… they don’t fit that well on the little cup. Will got like 10 mini marshmallows I stg,No,,$,No,Counter-Service/To-Go
Wild Rose,Bend,OR,USA,Thai,"February 7, 2025",⭐️⭐️⭐️⭐️,Curry basil noodles; holy eggplant; ground pork dipping paste,,No,,$$,No,Casual
J Dub,Bend,OR,USA,American,"February 6, 2025",⭐️⭐️⭐️⭐️,Fried pickles with dill-y ranch; chicken caprese sandwich; fish and chips,,No,,$$,No,Casual
S/T Hooligan,Seattle,WA,USA,"Bar, Southern","February 2, 2025",⭐️⭐️⭐️⭐️⭐️,Gangster gumbo; fried chicken sandwich; cole slaw,,No,Fremont,$$,No,Counter-Service/To-Go
Shawn O’Donnell’s,Seattle,WA,USA,Scottish,"February 2, 2025",⭐️⭐️⭐️⭐️,Shepherd’s pie; whiskey cream mac and cheese; bread pudding,"Best Overall Restaurant 2024, according to Seattle Times. The food is hearty and rich — good, but heavy haha",No,,$$,Yes,Casual
Tall Grass Bakery,Seattle,WA,USA,Bakery,"February 1, 2025",⭐️⭐️⭐️⭐️⭐️,Hominy bread; pumpernickel bread; dinner rolls,So much variety for bread. Next time I want to get their baguettes and sourdough. Looks super good,Yes,Ballard,$$,No,Counter-Service/To-Go
Cardoon,Seattle,WA,USA,Cafe,"February 1, 2025",⭐️⭐️⭐️⭐️⭐️,Savory brick toast; egg sandwich; honey cake; seaweed latte; Shanghai fog,"No wifi (at least on weekend). Not a lot of space to sit and work. Some counters, but a lot of other seating are jsut sofas",No,Ballard,$$,No,Counter-Service/To-Go
Gyo Gyo En,Seattle,WA,USA,Japanese,"January 31, 2025",⭐️⭐️⭐️⭐️⭐️,Butter corn ramen; seared scallop poke bowl; area 206 curry,,No,SLU,$$,Yes,Counter-Service/To-Go
Biang Biang Noodle,Seattle,WA,USA,Chinese,"January 28, 2025",⭐️⭐️⭐️⭐️⭐️,Pork rib noodle soup; cumin lamb dry noodles; cucumber salad; spring onion pancakes,Food comes out so fast and it’s really flavorful,No,Capital Hill,$$,No,Casual
Salt and Straw,Seattle,WA,USA,Dessert,"January 28, 2025",⭐️⭐️⭐️⭐️⭐️,"Seasonal: Pots of Gold & Rainbow (3/22); Cocoa Puffs’ n Cold Brew (3/22); Chocolate potato salad (08/23 flavor); Beecher’s cheese and apple cinnamon rolls (09/23 flavor); pumpkin spice tiramisu (09/23 flavor); Dandelion’s Chocolate Nib and Frangipane (2/24 flavor); Compartés Cake Batter Chocolate Fudge (2/24 flavor); Toasted White Chocolate and Peppermint Almonds (12/24 flavor); Death by Chocolate; Marionberry Oat Cobbler (1/25 flavors); Snap n’ Crackle Marshmallow on a salted brownie cone; cornflake cookie with marionberry jam (3/25 flavors); wildflower honey and lemon chess pie (6/25 flavor)
Original: strawberry balsamic vinegar with black pepper, chocolate gooey brownie, salted malted chocolate chip cookie dough, coffee & love nuts, pear & blue cheese",Monthly new flavors!! ,No,,$,No,Counter-Service/To-Go
Enat Ethiopian Restaurant,Seattle,WA,USA,Ethiopian,"January 26, 2025",⭐️⭐️⭐️,Enat Combination (had veggies and meat on their bread),,No,Northgate,$,No,Casual
Molly Moon’s,Seattle,WA,USA,Dessert,"January 26, 2025",⭐️⭐️⭐️⭐️⭐️,"Yeti; sweet cream; peppermint mocha; matcha chip; golden latte (v)
Seasonal: matcha chip; matcha strawberry",,No,,$,No,Counter-Service/To-Go
Mei La Bakery,Kent,WA,USA,Bakery,"January 25, 2025",⭐️⭐️⭐️⭐️,Hot dog bun; bbq pork bun; mocha swiss roll,,No,,$,No,Counter-Service/To-Go
Baegopa,Seattle,WA,USA,"BBQ, Korean","January 25, 2025",⭐️⭐️⭐️,AYCE kbbq: the spicy pork and spicy beef brisket were the best,Don’t get the squid lmaoo. Lettuce wraps are $3.50???,No,International District,$$$,No,Casual
Maiz Molino,Seattle,WA,USA,Mexican,"January 23, 2025",⭐️⭐️⭐️⭐️,"Tlacoyo; tacos; chips with guac, salsa, and pico",The chips were thick.. but like rock hard?,No,Belltown,,No,Counter-Service/To-Go
Pike Place Chowder,Seattle,WA,USA,American,"January 21, 2025",⭐️⭐️⭐️⭐️⭐️,Clam chowder in a bread bowl; seafood bisque,,No,Downtown,$,No,Counter-Service/To-Go
Red Arrow Coffee,Seattle,WA,USA,Cafe,"January 20, 2025",⭐️⭐️⭐️⭐️⭐️,Curry grain bowl; ricotta toast; breakfast sandwich; lavender London fog; salted caramel latte,,No,Ballard,,No,
Samurai BBQ,Las Vegas,NV,USA,Fusion,"January 18, 2025",⭐️⭐️⭐️⭐️,,,No,,,No,
Urth Caffe,Las Vegas,NV,USA,Cafe,"January 17, 2025",⭐️⭐️⭐️⭐️,Urth salad; funghi pizza; chocolate pistachio waffles,,No,The Strip,,No,
Grand Lux Cafe,Las Vegas,NV,USA,American,"January 17, 2025",⭐️⭐️⭐️⭐️,Fried brussel sprouts; general tsao cauliflower; crab cakes; chicken lettuce wraps,The most worth it Happy Hour on the Strip,No,,,No,
Umiya Sushi,Las Vegas,NV,USA,Sushi,"January 16, 2025",⭐️⭐️⭐️⭐️,,AYCE,No,,,No,
Secret Pizza,Las Vegas,NV,USA,Pizza,"January 16, 2025",⭐️⭐️,Mushroom pizza,,No,,,No,
Lotus of Siam,Las Vegas,NV,USA,Thai,"January 15, 2025",⭐️⭐️⭐️⭐️⭐️,Laab; drunken noodles with beef; pepper stir fry with chicken (kind of like a chimichurri stir fry),,No,,,No,
Bar del Corso,Seattle,WA,USA,"Pizza, Tapas","January 7, 2025",⭐️⭐️⭐️⭐️⭐️,"Arugula, fennel salad; fungi pizza; prosciutto and sweet onion pixxa",,No,,,No,
ZSX Szechuan Rice Noodles,Seattle,WA,USA,Chinese,"January 4, 2025",⭐️⭐️⭐️,Pickled pepper rice noodle soup,,No,International District,,Yes,
Sabine,Seattle,WA,USA,"Bakery, Lebanese","December 29, 2024",⭐️⭐️⭐️⭐️⭐️,Chocolate croissant; crème brûlée croissant; mezzo plate; fattoush salad,,No,Ballard,,No,
Firey Bowl,Duluth,GA,USA,Chinese,"December 18, 2024",⭐️⭐️⭐️⭐️,,,No,,$$,No,Casual
Luck Louie Fish Shack,Seattle,WA,USA,American,"December 12, 2024",⭐️⭐️⭐️,Fish and chips (Alaskan polluck); coleslaw; clam chowder,,No,,,No,
Marination,Seattle,WA,USA,"Fusion, Hawaiian","December 11, 2024",⭐️⭐️⭐️⭐️,Spicy pork taco salad; korean cheesesteak; tater tots,The taco salad was very ginger-y this time. Last time was better,No,Downtown,,No,
Hellenika Cultured Creamery,Seattle,WA,USA,Dessert,"December 9, 2024",⭐️⭐️⭐️⭐️,Dutch chocolate,They specialize in frozen Greek yogurt,No,,,No,
Din Tai Fung,Seattle,WA,USA,Chinese,"December 7, 2024",⭐️⭐️⭐️,Pork XLB; chocolate mochi XLB; cucumber salad; green beans with garlic; stick rice shui mai; pan fried dumplings,,No,,,No,
Fresh Flours,Seattle,WA,USA,Cafe,"December 7, 2024",⭐️⭐️⭐️⭐️⭐️,Egg nog latte; London fog latte; ham and cheese croissant; chocolate croissant,My first croissant in so long omg. They warmed it up too heh,No,"Misc., SLU",,No,
Rondo,Auburn,AL,USA,Japanese,"December 4, 2024",⭐️⭐️⭐️⭐️⭐️,Seafood creamy pasta; katsu curry; edamame ,,No,Capital Hill,,Yes,
Hamilton’s,Auburn,AL,USA,American,"December 1, 2024",⭐️⭐️⭐️⭐️⭐️,"Cucumber, red onion, and tomato salad with blackened salmon; blackened chicken fettuccine alfredo",,No,,,No,
The Fox,Auburn,AL,USA,Cafe,"November 29, 2024",⭐️⭐️,Matcha latte; pumpkin spice latte,,No,,,No,
The Bean,Auburn,AL,USA,Cafe,"November 26, 2024",⭐️⭐️⭐️⭐️,Vegeterian breakfast casserole; Tex-Mex breakfast casserole; cinnamon roll; SF white chocolate latte; Irish cream latte,,No,,,No,
The Hound,Auburn,AL,USA,Southern,"November 24, 2024",⭐️⭐️⭐️⭐️,Fried green beans with comeback sauce; red pepper jelly; chili and collard greens; 1lb ribeye steak with mashed yukons,,No,,,No,
Suketai Garden Restaurant,Xishuangbanna,,China,"Chinese, Dai","October 28, 2024",⭐️⭐️⭐️⭐️,,,No,,,No,
Hefu Noodle,Shanghai,,China,Chinese,"October 27, 2024",⭐️⭐️⭐️⭐️,Beef noodle soup; spicy and sour noodle soup,,No,,,No,
Chou Dou Dou,Shanghai,,China,Chinese,"October 27, 2024",⭐️⭐️⭐️⭐️⭐️,Stinky tofu,,No,,,No,
Red House Restaurant,Shanghai,,China,Bakery,"October 27, 2024",⭐️⭐️⭐️,Dried pork floss bread,,No,,,No,
Nanxiang Xiaolongbao ,Shanghai,,China,Chinese,"October 27, 2024",⭐️⭐️⭐️⭐️⭐️,Pork xiaolongbao; spicy pork and crab xiaolongbao,"Founded in 1900!! Dad talked about going here as a little kid, which made me happy",No,,,No,
Rongshen Noodle House,Shanghai,,China,Chinese,"October 26, 2024",⭐️⭐️⭐️⭐️,Yellow fish noodle soup; intestine noodle soup,"I thought it could use a bit more salt, but otherwise good. They had lots of pickled vegetables to go with",No,,,No,
The Soup Expert,Shanghai,,China,Chinese,"October 26, 2024",⭐️⭐️⭐️⭐️,,,No,,,No,
Bongos,Seattle,WA,USA,Caribbean,"October 20, 2024",⭐️⭐️⭐️⭐️,,,No,,,Yes,
Stateside,Seattle,WA,USA,"Fusion, Vietnamese","October 19, 2024",⭐️⭐️⭐️⭐️⭐️,Crispy duck spring roll; sticky rice dumplings; beet salad; chili crisp stroganoff; goat curry,,No,Capital Hill,,No,
Seoul Bowl,Seattle,WA,USA,Korean,"October 18, 2024",⭐️⭐️⭐️⭐️⭐️,Bulgogi bowl,,No,,,No,
Gemini Room,Seattle,WA,USA,Bar,"October 16, 2024",⭐️⭐️⭐️⭐️,Brat (yuzu and matcha and gin); solar sunrise; chips and fried pickle dip; fries; steak sliders,,No,,,No,
Pablo y Pablo,Seattle,WA,USA,Mexican,"October 15, 2024",⭐️⭐️⭐️⭐️,Nachos; enchiladas; queso birria; street corn,Street corn reminded me of Tacorita in Princeton omg,No,,,Yes,
Grappa,Seattle,WA,USA,Italian,"October 13, 2024",⭐️⭐️⭐️,Fettuccini Alfredo (added mushrooms and chicken);  roasted carrots (so small and I think needed more time in over),,No,,,Yes,
Astoria Coffeehouse & Bistro,Astoria,OR,USA,Cafe,"October 13, 2024",⭐️⭐️⭐️⭐️,BBQ pulled pork sandwich; SW Chicken Chili; Fish Tacos,"Food was good, but just took a long time",No,,,No,
Sleepy Monk,Cannon Beach,OR,USA,Cafe,"October 12, 2024",⭐️⭐️⭐️,Sweet mint cold brew with cream (I didn’t get much cream or mint lol); irish creme latte with hazelnut,,No,,,No,
Creperie Neptune,Cannon Beach,OR,USA,"Brunch, Crepes","October 12, 2024",⭐️⭐️⭐️⭐️⭐️,"Eggs with goat cheese, spinach and tomatoes; pesto chicken; eggs and ham with cheddar",“I’ve never seen someone double fist crepes”,No,,,No,
Chili Thai,Tacoma,WA,USA,Thai,"October 11, 2024",⭐️⭐️⭐️,Rad na (Thai gravy and wide noodles); papaya salad; red curry,,No,,,No,
Yuan Wonton,Denver,CO,USA,Chinese,"October 10, 2024",⭐️⭐️⭐️⭐️⭐️,Sichuan eggplant dumpling; chili peanut wonton; pineapple bun with char siu; gua bao birria,,No,,,No,
Prodigy Coffeehouse,Denver,CO,USA,Cafe,"October 10, 2024",⭐️⭐️⭐️⭐️,Chaga matcha; gingerbread latte,I want chaga matcha now omg,No,,,No,
D’Deli,Golden,CO,USA,Sandwiches,"October 9, 2024",⭐️⭐️⭐️⭐️,"Gold Hill (roast beef, bleu cheese aoili, jicama, spinach, mushrooms); Italian ","A little bread-y for me, but Will really liked the bread",No,,$$,No,
Four Friends Kitchen,Denver,CO,USA,"Brunch, Southern","October 5, 2024",⭐️⭐️⭐️⭐️⭐️,Pimento cheese omelette; huevos ranchero; cheese grits,,No,,,No,
Floret,Seattle,WA,,"Bakery, Breakfast","October 5, 2024",⭐️⭐️⭐️⭐️⭐️,Mushroom hand pie (so flaky and good); quiche; chocolate croissant; overnight oats,,No,,,No,
Mamma Melina Ristorante ,Seattle,WA,USA,Italian,"October 4, 2024",⭐️⭐️⭐️,Bucatini with meatballs; broccoli; bruschetta; gnocchi with gorgonzola cream; focaccia ,The pasta isn’t as al dente as Due Cucina but it’s a lot saucier which I kind of like for sopping up stuff. They give you focaccia too which was really good,No,,,Yes,
Senor Carbón Peruvian Cuisine,Seattle,WA,USA,Peruvian,"October 3, 2024",⭐️⭐️⭐️⭐️,Pasta huacaina con salmon; ceviche classico,The pasta sauce was really good; I wanna learn to make,No,,,No,
Miro Tea,Seattle,WA,USA,Cafe,"October 2, 2024",⭐️⭐️⭐️⭐️,Matcha latte; mushroom croissant (from Rita’s bakery),They have a lot of Macrina Bakery goods and teas as the front that you can sample,No,,,No,
Cactus,Seattle,WA,USA,Tex-Mex,"September 29, 2024",⭐️⭐️⭐️⭐️,Austin guac (guac smothered in queso); salsa; nachos,"“We’re not Tex-Mex, we’re Cactus” lol what?",No,,,Yes,
Sea Wolf ,Seattle,WA,USA,Bakery,"September 29, 2024",⭐️⭐️⭐️⭐️,Chocolate croissant; Bran muffin; savory lye roll; sourdough; cappuccino; latte,"The croissant was big but that meant a lot of parts didn’t have chocolate, that’s okay tho! Just a note. The coffees were meh in my opinion and took a long time",No,Fremont,,No,
Miopiosto,Seattle,WA,USA,"Italian, Pizza","September 28, 2024",⭐️⭐️⭐️⭐️,Salumi pizza; zucca pizza (butternut squash; caramelized onions; goat cheese); calamari ,,No,,,Yes,
Donut Factory,Seattle,WA,USA,Bakery,"September 28, 2024",⭐️⭐️⭐️⭐️,Cinnamon sugar; pumpkin cake donut,,No,Fremont,,No,
Sweet Alchemy,Seattle,WA,USA,Dessert,"September 28, 2024",⭐️⭐️⭐️⭐️,Matcha; thai tea; strawberry flavored ice creams,"Went for UDistrict Chow Down and got the matcha neapolitan for $5. Kind of small for the price, but flavors are good",Yes,,,No,
Mee Sum Pastry,Seattle,WA,USA,Chinese,"September 28, 2024",⭐️⭐️⭐️⭐️,Baked bbq pork bun ,Bun was $6 but huge wow. Only docked bc i like when my baked buns are slightly glazed,No,,,No,
Fulcrum Cafe,Seattle,WA,USA,Cafe,"September 26, 2024",⭐️⭐️⭐️⭐️,Bee pollen latte (lavender syrup); chocolate croissant,Their pastry case is from The French Guys Seattle,No,,,No,
Milstead & Co,Seattle,WA,USA,Cafe,"September 25, 2024",⭐️⭐️⭐️,Rye chocolate croissant and vanilla latte,,No,Fremont,,No,
The Golden Olive,Seattle,WA,USA,Mediterranean,"September 22, 2024",⭐️⭐️⭐️,Chicken shawarma salad,I liked Al Bacha more fyi,No,,,Yes,
Ma’Ono,Seattle,WA,USA,"Fried Chicken, Fusion","September 22, 2024",⭐️⭐️⭐️⭐️,Medium spiced chicken tenders (they were huge omg); medium spiced chicken sandwich; broccoli salad; kimchi mac and cheese,,No,,,No,
Ben’s Bread Co,Seattle,WA,USA,Bakery,"September 22, 2024",⭐️⭐️⭐️⭐️⭐️,Jalopeno popper brioche danish; goat cheese and tomato danish; sourdough; peanut butter breakfast cookie; blue corn cookie; breakfast sandwich,,No,,,No,
Maripili Tapas,Seattle,WA,USA,Tapas,"September 21, 2024",⭐️⭐️⭐️⭐️⭐️,Broccoli con patatas; tortillas; zamburinas; bacallau a marineira; paella tahdig,Will got some cocktail that was so pretty and good omg,Yes,Capital Hill,,No,
Pinoshky,Seattle,WA,USA,Bakery,"September 19, 2024",⭐️⭐️⭐️⭐️,Bleu cheese and kimchi croissant; salted caramel latte,Croissant was super good!! Latte I would pass on,No,Capital Hill,,No,
Al Bacha,Seattle,WA,USA,Mediterranean,"September 16, 2024",⭐️⭐️⭐️⭐️,,,No,,,No,
Harvest Vine,Seattle,WA,USA,Tapas,"September 14, 2024",⭐️⭐️⭐️⭐️,Summer squash with romesco sauce; baguette from Grand Central Bakery (adding olive oil was $7??); arroz cremosa (my favorite); vaca; flourless chocolate torte; beet salad,"Very olive oil heavy, but good. I think flourless chocolate torte was a little dry",No,,,No,
Temple Pastries,Seattle,WA,USA,Bakery,"September 14, 2024",⭐️⭐️⭐️⭐️⭐️,Sourdough loaf; rye ham and cheese croissant; espresso cake; milk bread; egg and cheese on english muffin,,No,,,No,
Di Fiora,Seattle,WA,USA,Fusion,"September 13, 2024",⭐️⭐️⭐️⭐️⭐️,Garlic fried chicken; pad kee mao; curry,,No,,,Yes,
Olympia Roasting,Seattle,WA,USA,Cafe,"September 13, 2024",⭐️⭐️⭐️⭐️⭐️,Latte with salted brown sugar syrup; chocolate croissant from Moonrise Bakery,The lobby that it is in is soooo pretty,No,,,No,
Maddy’s Bakeshop,Seattle,WA,USA,Bakery,"September 7, 2024",⭐️⭐️⭐️⭐️⭐️,Chocolate croissant,This was a pop-up bakery; dates are on her instagram!,No,,,No,
Shinyo ,Seattle,WA,USA,Japanese,"September 5, 2024",⭐️⭐️⭐️⭐️,,,No,Belltown,,No,
Korean Tofu House,Seattle,WA,USA,Korean,"September 3, 2024",⭐️⭐️⭐️⭐️,Kimchi tofu stew with beef; bibimbop,,No,UDistrict,,Yes,
Fuji Bakery,Seattle,WA,USA,Bakery,"September 2, 2024",⭐️⭐️⭐️,Matcha cruffin,,No,,,No,
Kathakali,Kirkland,WA,USA,Indian,"August 31, 2024",⭐️⭐️⭐️⭐️⭐️,,,No,,,No,
Jack’s BBQ,Seattle,WA,USA,BBQ,"August 30, 2024",⭐️⭐️⭐️⭐️⭐️,Smoked half chicken with collard greens and cornbread; pulled pork sandwich with mac and cheese; hushpuppies; quart of slaw ,,No,SLU,,Yes,
Sultan Bakery,Sultan,WA,USA,"Bakery, Breakfast","August 25, 2024",⭐️⭐️⭐️,,"Very southern feel to it, which felt home-y to me honestly",No,,,No,
Isarn Southern Thai,Seattle,WA,USA,Thai,"August 19, 2024",⭐️⭐️⭐️⭐️,,,No,,,Yes,
Rockwell Ice Cream,Salt Lake City,UT,USA,Dessert,"August 18, 2024",⭐️⭐️⭐️,Rockwell Road,,No,,,No,
Mom’s Kitchen,Salt Lake City,UT,USA,Chinese,"August 17, 2024",⭐️⭐️⭐️⭐️,,,No,,,No,
One More Noodle House,Salt Lake City,UT,USA,Chinese,"August 16, 2024",⭐️⭐️⭐️⭐️⭐️,Tomato and braised beef noodle soup; mala noodle soup; hot and sour hot-pot beef noodle soup; stewed gluten; pickled cabbage; liang fen,The food came out super quick. Bowls are about $10 each and very filling,No,,,No,
85C Bakery,Salt Lake City,UT,USA,Bakery,"August 15, 2024",⭐️⭐️⭐️⭐️,Cream cheese bun; black forest cake,,No,,,No,
Trapper Grill,Grand Tetons NP,WY,USA,American,"August 15, 2024",⭐️⭐️⭐️⭐️,Fish tacos; taco salad with ground beef; fish and chips; garlic and parmesan wings,The portions were huge. WTF,No,,,No,
Lake Lodge Deli,Yellowstone NP,WY,USA,American,"August 14, 2024",⭐️⭐️⭐️,Bison chili; croissant sandwich; bison brat,,No,,,No,
Chinatown Restaurant,West Yellowstone,MT,USA,Chinese,"August 13, 2024",⭐️⭐️⭐️⭐️,Mala xiang guo with lamb; numbing fish fillet soup; pork with bean curd stir fry; sauteed spinach,,No,,,No,
Terrace Grill,Yellowstone NP,WY,USA,American,"August 12, 2024",⭐️⭐️⭐️,Fried fish sandwich; spinach salads; chicken tender kids meals,First time having wifi or signal in this damn park,No,,,No,
Park One Chinese,West Yellowstone,MT,USA,Chinese,"August 11, 2024",⭐️⭐️⭐️,,,No,,,No,
Nana’s Green Tea,Seattle,WA,USA,Dessert,"August 6, 2024",⭐️⭐️⭐️⭐️⭐️,Matcha twisted swirl; Hojicha Parfait,,No,,,No,
Fletcher’s,Stirling,,Scotland,"Brunch, English","August 3, 2024",⭐️⭐️⭐️⭐️,Split pea soup; spinach and mushroom toast; salmon with blanc beurre sauce,,No,,,No,
The Palmerston,Edinburgh,,Scotland,European,"August 3, 2024",⭐️⭐️⭐️⭐️⭐️,Green goddess eggplant; pork chop;,,No,,,No,
Tailend,St. Andrews,,Scotland,"English, Fusion","August 2, 2024",⭐️⭐️⭐️⭐️⭐️,Seafood curry; fish and chips,,No,,,No,
Newport Bakery,St. Andrews,,Scotland,Bakery,"August 2, 2024",⭐️⭐️⭐️⭐️⭐️,Raspberry and elderflower cruffin; latte (with vanilla syrup!!); cappuccino,,No,,,No,
Palampo’s Espresso Bar,St. Andrews,,Scotland,Cafe,"August 1, 2024",⭐️⭐️⭐️⭐️,Latte; cappuccino; croissant,,No,,,No,
18 at Rusack’s,St. Andrews,,Scotland,European,"August 1, 2024",⭐️⭐️⭐️⭐️⭐️,Cheddar souffle; filet mignon; beef fat carrots; monkfish; sticky toffee pudding; black cherry mousse,,No,,,No,
Anstruther Fish Bar,Anstruther,,Scotland,Scottish,"July 31, 2024",⭐️⭐️⭐️⭐️⭐️,Battered haddock fish and chips; crab salad,,No,,,No,
Spoiled Life,St. Andrews,,Scotland,Cafe,"July 31, 2024",⭐️⭐️⭐️⭐️,Carrot cake; chocolate croissant; croissant; cappuccino; latte,,No,,,No,
The Milkman,Edinburgh,,Scotland,Cafe,"July 31, 2024",⭐️⭐️⭐️⭐️,Pain suisse; cheddar scone; cappuccino; latte,,No,,,No,
Mozza,St. Andrews,,Scotland,Pizza,"July 30, 2024",⭐️⭐️⭐️,,,No,,,No,
Cafebar 1807,Linlithgow,,Scotland,Scottish,"July 30, 2024",⭐️⭐️⭐️,Open faced steak sandwich on ciabatta; steak pie; coleslaw,,No,,,No,
Fortitude,Edinburgh,,Scotland,Cafe,"July 30, 2024",⭐️⭐️⭐️⭐️,Latte; cappuccino; plain croissant,,No,,,No,
Edinburgh Street Foods,Edinburgh,,Scotland,"Fusion, Pizza","July 29, 2024",⭐️⭐️⭐️⭐️⭐️,,,No,,,No,
The Fishmarket,Edinburgh,,Scotland,"Scottish, Seafood","July 29, 2024",⭐️⭐️⭐️⭐️⭐️,Battered haddock and chips; mussels in white wine; cullen sink (haddock chowder); tomato and feta salad; scallops with chorizo,Will got the large portion of fish and chips and it was as big as his hand,No,,,No,
The Scran & Scallie,Edinburgh,,Scotland,Scottish,"July 28, 2024",⭐️⭐️⭐️⭐️⭐️,Steak pie; lamb shoulder croquette; creme brulee; sticky toffee pudding,"The top of the pie was so good, wow",No,,,No,
Moo Pie Gelato,Edinburgh,,Scotland,Dessert,"July 28, 2024",⭐️⭐️⭐️⭐️⭐️,Tahini halva with brownie bits; milk with Scottish toffee,,No,,,No,
Tearoom at One O’Clock Gun,Edinburgh,,Scotland,Afternoon Tea,"July 28, 2024",,,,No,,,No,
Ante,Edinburgh,,Scotland,Cafe,"July 28, 2024",⭐️⭐️⭐️⭐️,Cold brew; hayberry danish,Coffee was acidic (even at lemon slice in it)??,No,,,No,
The Bon Vivant,Edinburgh,,Scotland,European,"July 27, 2024",⭐️⭐️⭐️⭐️⭐️,Asparagus tart; parmesan cannoli with goat cheese mousse; pan fried cod with olive soil; Scottish sirloin of beef with fondant potatoes; chocolate torte,"Everything was good, but dessert was a little dry imo ",No,,,No,
Masterpiece,Duluth,GA,USA,Chinese,"July 21, 2024",⭐️⭐️⭐️⭐️,Sizzling beef; Shanghai bok choy; mouth watering chicken; pickled green bean and ground pork,,No,,,No,
Layered Croistanterie,Raleigh,NC,USA,Bakery,"July 17, 2024",⭐️⭐️⭐️⭐️,Corn Pudding Croissant; Matcha Strawberry Croissant,"Had monthly croissant flavor. Overall really good, but wish they were more fresh somehow",No,,,No,
Seoul Garden,Cary,NC,USA,Korean,"July 17, 2024",,,,No,,,No,
Wye Hill Kitchen,Raleigh,NC,USA,"American, Brunch","July 14, 2024",⭐️⭐️⭐️⭐️,Strawberry bruschetta; shakshuka,,No,,,No,
Milo’s Cafe,Morrisville,NC,USA,Cafe,"July 13, 2024",⭐️⭐️⭐️⭐️,"Shnitzel focaccia sandwich, salami focaccia sandwich, matcha latte","The matcha latte wasn’t well whisked, so there were chunks of match, but the sandwiches were really good",No,,,No,
Shinmai,Cary,NC,USA,Japanese,"July 13, 2024",⭐️⭐️⭐️⭐️⭐️,Corn korokke; peach oolong tea; unagi don,Food came out super quick and it was all really good. Trinh got the carbonara udon,No,,,No,
Feng Cha,Morrisville,NC,USA,Dessert,"July 12, 2024",⭐️⭐️⭐️⭐️,Chiffon cake with matcha cream,,No,,,No,
Istanbul,Cary,NC,"Iceland, USA",Mediterranean,"July 11, 2024",⭐️⭐️⭐️⭐️,"Adana Kebab, and free bread",,No,,,No,
The Pantry,Green Mountain Falls,CO,USA,"Breakfast, Southern","July 7, 2024",⭐️⭐️⭐️⭐️⭐️,Biscuits and gravy; huevos ranchero,,No,,,No,
Bunk House Burgers,Cañon City,CO,USA,"American, Sandwiches","July 5, 2024",⭐️⭐️⭐️⭐️,"Bronco Burger (adobo sauce, pepper jack, and jalapeños) with onion rings",,No,,,No,
503W,Colorado Springs,CO,USA,Fusion,"July 2, 2024",⭐️⭐️⭐️⭐️,Sweet potato french fries with Korean 3-spice; Saigon Dip; Nitro Short Ribs,,No,,,No,
La Diabla Pozole y Mezcal,Denver,CO,USA,Mexican,"June 29, 2024",⭐️⭐️⭐️,Pozole verde con pollo; guac & salsa; eqsuites,,No,,,No,
Tamasha,Raleigh,NC,USA,Indian,"June 23, 2024",⭐️⭐️⭐️⭐️⭐️,"Four cheese truffle kulcha;  Dahi Ke Kebab (yogurt croquettes); Kheema Kaleji (mince lamb and liver with potato and parmesan mousse); Chaat Mate (purpe sweet potato with crunchy kale and shiso chaat; crispy okra and tuk aloo chaat); Dum Ki Nalli Gosht (slow cooked 10 hours lamb shank in gracy, served with burani raita and saffron rice); plain naan; tandoori roti",,No,,,No,
Local’s Seafood,Durham,NC,USA,"American, Sandwiches","June 23, 2024",⭐️⭐️⭐️⭐️,Shrimp po-boy (blackened),,No,,,No,
Ex Voto,Durham,NC,USA,Mexican,"June 23, 2024",⭐️⭐️⭐️,"Chorizo burrito; holy trinity (guac, queso, salsa)",“Dead before Taco Bell” merch was good ,No,,,No,
Lucettegrace,Raleigh,NC,USA,Cafe,"June 22, 2024",⭐️⭐️⭐️⭐️,,Cornetto ciocolate (chocolate croissant filled with chocolate pastry cream); salad with champagne vinaigrette; l’italian sandwich with tomato soup; oatmeal raisin cookie,No,,,No,
The Chicken Hut,Durham,NC,USA,Southern,"June 21, 2024",⭐️⭐️⭐️⭐️⭐️,Fried chicken; collared greens; cole slaw; mac & cheese; hushpuppies,Eater’s best fried chicken in America (2022),No,,,No,
Prime BBQ,Knightdale,NC,USA,BBQ,"June 19, 2024",⭐️⭐️⭐️⭐️⭐️,"Brisket (so good); The Full Nelson (beef rib, sausage link, and pulled pork on a sandwich. definitely most bang for your buck lol); mac & cheese; coleslaw; blueberry cobbler; green beans",Long line (we waited about an hour) but all agreed that it was worth the wait,No,,,No,
Stanbury,Raleigh,NC,USA,New American,"June 18, 2024",⭐️⭐️⭐️⭐️⭐️,Black Pepper Cavatelli (with corn cream); Roasted Romensco (with romeso); Boulted Bread seeded levain (with butter); chicken kofta; mushroom bruschetta ,Will remarked about how friendly all the staff was as we left. Night and chill restaurant with upscale food,No,,,No,
Silk Road Uzbek Cuisine,Cary,NC,USA,Uzbek Cuisine,"June 18, 2024",⭐️⭐️⭐️⭐️⭐️,,,No,,,Yes,
Pizzeria Toro,Durham,NC,USA,Pizza,"June 16, 2024",⭐️⭐️⭐️⭐️⭐️,Suppli al telefono (PNW morels crostini with ramp pesto); summer squash pizza; spicy lamb meatball pizza,,Yes,,,No,
Union Special Bread,Raleigh,NC,USA,Cafe,"June 15, 2024",⭐️⭐️⭐️⭐️⭐️,"Chicken salad sandwich on a croissant; grits and greens; turkey melt (Roasted turkey breast, gruyere cheese, bacon, apples, arugula, roasted tomato aioli, on toasted sourdough)",,No,,,No,
SAAP,Cary,NC,USA,Laotian,"June 15, 2024",⭐️⭐️⭐️⭐️,Papaya salad (medium spice 5-6/10.. apparently spicy is 12-13/10); Nam Khao (crispy rice salad); kamocha squash and root vegetable squash; snow pea tips,,No,,,No,
A’Verde Cocina,Cary,NC,USA,Mexican,"June 14, 2024",⭐️⭐️⭐️,Blistered okra (w/ basil aioli); chicken taquitos; guacamole; white habanero salsa; questo; al pastor chicken quesadilla; chicken enchilada; mexican street corn,,No,,,No,
Bosphorus ,Cary,NC,USA,Mediterranean,"June 13, 2024",⭐️⭐️⭐️⭐️⭐️,Mezze platter; chicken kabob; spinach and feta pide ,The house made pide (bread) is so good ,No,,,No,
Bold Batch Creamery,Raleigh,NC,USA,Dessert,"June 8, 2024",⭐️⭐️⭐️,"Sea salt vanilla, lavender with burnt honey swirl",I think more flavors could’ve been more intense,No,,,No,
Goodberry’s,Cary,NC,USA,Dessert,"June 7, 2024",⭐️⭐️⭐️⭐️,"Vanilla concrete with strawberries, chocolate chips, and mocha syrup",,No,,,No,
Sweet Talk Cafe,Apex,NC,USA,Cafe,"June 5, 2024",⭐️⭐️⭐️⭐️⭐️,Cafe Sua Da,,No,,,No,
Lucy’s,Auburn,AL,USA,New American,"June 2, 2024",⭐️⭐️⭐️⭐️⭐️,"The Farmer’s Daughter (”top 100 dishes in AL” — hummus, whipped feta, roasted vegetables, etc.); Pan Seared Chesapeake Bay Scallops with lemon basil risotto; lemon meringue pie.",,No,,,No,
The Botanic,Auburn,AL,USA,New American,"June 1, 2024",⭐️⭐️⭐️⭐️⭐️,Flash fried brussels (with lemon goat cheese); peanut chicken lettuce wrap; open faced French dip,,No,,,No,
Vietopia,Harrisonburg,VA,USA,Vietnamese,"May 26, 2024",⭐️⭐️⭐️⭐️,House special pho (x3),,No,,,No,
Kline’s,Harrisonburg,VA,USA,Dessert,"May 25, 2024",⭐️⭐️⭐️⭐️⭐️,"Chocolate soft-serve, raspberry cheesecake soft-serve",,No,,,No,
Boboko,Harrisonburg,VA,USA,Indonesian,"May 25, 2024",⭐️⭐️⭐️,"Beef rendang, chicken satay, Asian chopped salad",,No,,,No,
SweeTea,Cary,NC,USA,Dessert,"May 24, 2024",⭐️⭐️⭐️⭐️,"Shaved ice with red bean, mochi, jelly, and matcha ice cream","Only one size ($15), but super filling. Split between the 3 of us, was enough",No,,,No,
Idle Hour Coffee,Raleigh,NC,USA,Cafe,"May 20, 2024",⭐️⭐️⭐️⭐️,Raspberry and strawberry cheesecake,,Yes,,,No,
Yin Dee,Morrisville,NC,USA,Thai,"May 18, 2024",⭐️⭐️⭐️⭐️,Larb gai,,No,,,No,
Boulted Bread,Raleigh,NC,USA,Bakery,"May 18, 2024",⭐️⭐️⭐️⭐️⭐️,Chocolate croissant; rhubarb and chamomile tea custard croissant,,No,,,No,
Geluna Gelato,Cary,NC,USA,Dessert,"May 17, 2024",⭐️⭐️⭐️⭐️⭐️,Peanut butter raspberry jam; matcha latte,,No,,,No,
Vida Dulce,Cary,NC,USA,Dessert,"May 15, 2024",⭐️⭐️⭐️⭐️,Strawberry and cream paleta,,No,,,No,
Effin Egg,Fort Worth,TX,USA,Breakfast,"May 12, 2024",⭐️⭐️⭐️⭐️⭐️,Donut holes; breakfast sandwich; breakfast tacos,,No,,,No,
Joe T Garcia’s,Fort Worth,TX,USA,Mexican,"May 11, 2024",⭐️⭐️⭐️⭐️,Queso; guacamole; beef quesadilla; pork tamales; mixed chicken and beef fajitas,,No,,,No,
Avoca Roasters,Fort Worth,TX,USA,Cafe,"May 11, 2024",⭐️⭐️⭐️,Bourbon butterscotch latte; Magnolia latte (just vanilla syrup with milk),,No,,,No,
Melt Ice Cream ,Fort Worth,TX,USA,Dessert,"May 11, 2024",⭐️⭐️,Nuts for Rosie (rosemary base with nuts mixed in); berry basil (basil base with jam),,No,,,No,
Courtside Kitchen,Fort Worth,TX,USA,American,"May 10, 2024",⭐️⭐️⭐️⭐️,,,No,,,No,
Dutch’s Burgers,Fort Worth,TX,USA,American,"May 10, 2024",⭐️⭐️⭐️⭐️,Vaqueron burger; fried pickles; sweet potato fries,,No,,,No,
Whisk & Rye ,Durham,NC,USA,Bakery,"May 5, 2024",⭐️⭐️⭐️⭐️⭐️,Chocolate croissant; abuelita mocha latte ,,No,,,No,
Dim Sum House,Morrisville,NC,USA,Chinese,"May 1, 2024",⭐️⭐️⭐️⭐️,,,No,,,No,
Empanadas & More,Morrisville,NC,USA,Venezuelan,"April 29, 2024",⭐️⭐️⭐️⭐️,Chicken cachapa ,,No,,,No,
Calle Sol,Charlotte,NC,USA,Cuban,"April 28, 2024",⭐️⭐️⭐️⭐️⭐️,"Rocoto ceviche, vaca frita, léchon asad",,No,,,No,
Yiding Hotpot,Charlotte,NC,USA,Chinese,"April 27, 2024",⭐️⭐️⭐️⭐️⭐️,,,No,,,No,
Yummm Donut,Gastonia,NC,USA,Dessert,"April 27, 2024",⭐️⭐️⭐️⭐️,Red velvet glazed donut,,No,,,No,
Baker’s Dozen ,Durham,NC,USA,Bakery,"April 25, 2024",⭐️⭐️⭐️,Cruller; Boston cream; chocolate cake,,No,,,No,
Dominque Ansel Bakery ,Manhattan,NY,USA,Bakery,"April 22, 2024",,Toasted Coconut Chocolate Croissant (With three batons of chocolate and coconut almond frangipane); Cannelé; almond croissant,,No,SOHO,,No,
Caffe Panna,Manhattan,NY,USA,Dessert,"April 21, 2024",⭐️⭐️⭐️⭐️⭐️,Milk & Honey; Peanut Butter swirl,,No,,,No,
Tartinery,Manhattan,NY,USA,Brunch,"April 21, 2024",⭐️⭐️⭐️,"Labneh tartine (labneh, radish, cucumber, mint on sourdough)",,No,,,No,
Fabrique Bakery ,Manhattan,NY,USA,Bakery,"April 21, 2024",⭐️⭐️⭐️,Cinnamon bun,,No,,,No,
Soothr,Manhattan,NY,USA,Thai,"April 21, 2024",⭐️⭐️⭐️⭐️⭐️,Roasted Eggplant Salad; Duck Noodles; Tom Yum Seafood Hot Pot; Om Gai Pad; Pad Sii Sian; Chicken Ki-Mao Noodles,,No,,,No,
Pamina Dolce e Gelato,Manhattan,NY,USA,Dessert,"April 21, 2024",⭐️⭐️⭐️⭐️⭐️,Cioccolato (dark chocolate); Cramena Pamina (custard and jasmine),,No,,,No,
Blank Street,Manhattan,NY,USA,Cafe,"April 21, 2024",⭐️⭐️⭐️⭐️⭐️,Americano (but they had so many other fun drinks and lots of baked goods),,No,,,No,
The Flying Cock,Manhattan,NY,USA,"American, Brunch","April 20, 2024",⭐️⭐️,Kale breakfast bowl,,No,Murray Hill,,No,
Cote,Manhattan,NY,USA,Korean,"April 20, 2024",⭐️⭐️⭐️⭐️⭐️,,,No,,,No,
Tim Ho Wan,Manhattan,NY,USA,Chinese,"April 19, 2024",⭐️⭐️⭐️⭐️,Sponge egg cake; baked bbq pork buns (x2); fried spring roll; pork wonton in chili oil; steamed bean curd with meat and vegetables,,No,East Village,,No,
Librae Bakery,Manhattan,NY,USA,Bakery,"April 19, 2024",⭐️⭐️⭐️⭐️⭐️,Espresso pain au chocolat,,No,East Village,,No,
Waraji,Raleigh,NC,USA,"Japanese, Sushi","April 15, 2024",⭐️⭐️⭐️,Crispy green beans; pork belly sliders; holy moly roll; caterpillar roll,,No,,,No,
Bean Traders,Durham,NC,USA,Cafe,"April 14, 2024",⭐️⭐️⭐️⭐️⭐️,Frozen coffee; iced chocolate habenero,,No,,,No,
Kathmandu Kitchen,Cary,NC,USA,Indian,"April 13, 2024",⭐️⭐️⭐️⭐️⭐️,"Vegetable momo, samosa chaat, navartan korma, chicken saag, mango lassi",,No,,,Yes,
Epilogue Coffee & Books,Chapel Hill,NC,USA,Cafe,"April 13, 2024",⭐️⭐️⭐️⭐️⭐️,Iced vanilla latte; iced matcha latte,,No,,,No,
Merritt’s Grill,Chapel Hill,NC,USA,Sandwiches,"April 13, 2024",⭐️⭐️⭐️⭐️,Baby BLT; perfectly pulled pork sandwich; chicken salad sandwich ,,No,,,No,
Jubala,Raleigh,NC,USA,Cafe,"April 12, 2024",⭐️⭐️⭐️⭐️⭐️,"Spring latte (with lavender, etc); vanilla latte; tuna melt; bec biscuit; dark chocolate and strawberry Liege waffle",,No,,,No,
Queeny’s,Durham,NC,USA,"American, Bar","April 11, 2024",⭐️⭐️⭐️,"Nachos; fried pickles; fava bean, fennel, and potato salad","Nice and easy vibes, you order at the bar and there is plenty of seating. Cocktails are okay, definitely not fancy like a cocktail bar, but they do the trick",No,Downtown,,No,
Supra,Washington DC,,USA,Georgian,"April 7, 2024",⭐️⭐️⭐️⭐️,"Ajaruli (boat-shaped, sulguni cheese blend, organic egg), Khacho Cakes (ricotta pancakes, strawberry, blackberry compote, pomegranate molasses), Morning Kubdari (round, pork & beef, fresh herbs, topped with two fried eggs and cabbage slaw)",,No,,,No,
The Red Hen,Washington DC,,USA,Italian,"April 6, 2024",⭐️⭐️⭐️⭐️,"Whipped Ricotta Crostini (Black Truffle Sauce, Wildflower Honey, Sea Salt), Ramp Crostini (Pea Pesto, Charred Ramps, Liuzzi Stracciatella, Lemon, Ramp Oil), Macaroni Verde (Spring Pea-Miso 'Cremosa', Pancetta, 24 Month Parmigiano), Garganelli (Spicy Lamb Sausage, Spring Onion, Red Pepper, Arugula, Mint, Pecorino), Tiramisu","Service was really fast and attentive. The room was a bit loud tbh, and I thought the crostinis were done better than the pasta.",No,,,No,
Your Only Friend,Washington DC,,USA,Sandwiches,"April 6, 2024",⭐️⭐️⭐️⭐️⭐️,"The RPG (Char siu roast pork, garlic Duke’s Mayo, Cantonese-style Bok Choy, hot duck sauce, soft roll), Chicky Pep No. 2 (Nonna-style chicky cutty, pep bolo, various Italian cheeses, Italian-style garlic Duke's Mayo, roasted long hots, OG breadstick dust, soft roll), and Cacio e Pepe fries",They also have a counter where you can just order to-go,No,,,No,
Tartine ,San Francisco,,USA,Bakery,"April 5, 2024",⭐️⭐️⭐️⭐️⭐️,Sesame country loaf and buttermilk sourdough loaf,,No,,,No,
Lucky Cat Cafe,Salem,NC,USA,Dessert,"March 30, 2024",⭐️⭐️⭐️,Espresso roasted gelato,,No,,,No,
92 Chicken,Durham,NC,USA,Korean,"March 29, 2024",⭐️⭐️⭐️,"Korean Fried Chicken Wings: soy garlic, lemon pepper, curry, spring onion. Also got curly fries with some banchan",,No,,,No,
Hibernian Pub,Raleigh,NC,USA,"Bar, English","March 16, 2024",⭐️⭐️⭐️,"Irish stew, served with bread (the bread was super dense; no idea what it was. maybe rye?)",,No,,,No,
Dimsum Asian Bistro,Durham,NC,USA,Chinese,"March 10, 2024",⭐️⭐️⭐️⭐️,"You tiao rice roll, baked bbq pork bun, salted egg yolk bun, egg tart, chili wonton, pan fried pork bun, chicken feet, fried glutinous dumpling, chinese broccoli, crystal shrimp dumplings","No carts; dishes are smaller than usual, but lots of variety ",No,,,No,
Saltbox Seafood Joint,Durham,NC,USA,Southern,"March 9, 2024",⭐️⭐️⭐️⭐️,"Fried bay scallops, fried oysters, spice griddled sheepshead fish with fried potato and cole slaw ",,No,,,No,
Mr. West Cafe,Seattle,WA,USA,Cafe,"March 2, 2024",⭐️⭐️⭐️⭐️⭐️,"Salted lavender latte, malted mocha, savory pinwheel",,No,"Downtown, UDistrict",,No,
Volunteer Park Cafe & Pantry,Seattle,WA,USA,Cafe,"March 2, 2024",⭐️⭐️⭐️⭐️,"Avocado and zatar toast; kimchi, spinach, and jammy egg toast; curried quinoa salad with chicken (they barely put any chicken !!)",,No,Capital Hill,,No,
Marination ,Seattle,WA,USA,Fusion,"February 29, 2024",⭐️⭐️⭐️⭐️⭐️,"Spicy pork taco salad, pork sliders, korean cheesesteak, tots, mac salad",,No,"Misc., SLU",,No,
Anchorhead Coffee,Seattle,WA,USA,Cafe,"February 29, 2024",⭐️⭐️⭐️⭐️⭐️,"Honey bunches of oats cold brew, mandarin mocha, ham & cheese croissant",,No,SLU,,No,
Rachel’s Bagels & Burritos,Seattle,WA,USA,"Breakfast, Sandwiches","February 26, 2024",⭐️⭐️⭐️⭐️⭐️,"The Raquel (burrito): Scrambled egg, potato, chorizo, queso Oaxaca, arugula, cilantro onion mix, guajillo chile salsa; The Evie (burrito): soy shwarma, oyster mushrooms, arugula, eggs, potatoes, red onions, cilantro, questo Oaxaca, salsa verde",,No,,,Yes,
Ezell’s Famous Chicken,Seattle,WA,USA,Southern,"February 25, 2024",,,,No,,,No,
Gangnum Seattle,Seattle,WA,USA,Korean,"February 25, 2024",⭐️⭐️⭐️⭐️,"Tteokbokki, soft tofu stew, Korean corn dog, yangnum chicken, and seafood pancake",,No,International District,,No,
Hood Famous Cafe & Bar,Seattle,WA,USA,Cafe,"February 24, 2024",⭐️⭐️⭐️⭐️⭐️,"Choconut latte, pandas latte, and Chef’s special quiche; corn muffin; mochi waffle",,No,,,No,
Dough Zone,Seattle,WA,USA,Chinese,"February 24, 2024",⭐️⭐️⭐️,"Scallion pancake, cucumber salad, Q-bao (pan fried pork bun), and beef pancake ",“Panera Bread of dimsum”,No,Downtown,,No,
Umi Sake House,Seattle,WA,USA,"Japanese, Sushi","February 24, 2024",⭐️⭐️⭐️,"Flaming tuna roll, Umi house roll, beet salad, and soft shell crab","Wasn’t bad, but just underwhelming/expected more",No,Belltown,,No,
Tamari Bar,Seattle,WA,USA,Japanese,"February 20, 2024",⭐️⭐️⭐️⭐️⭐️,"Menchi curry, hayashi rice, lemon furikake brussel sprouts, and unagi bao  ",,Yes,Capital Hill,,No,
Katsu Burger,Seattle,WA,USA,Japanese,"February 18, 2024",⭐️⭐️⭐️⭐️⭐️,"Bonzai bites, nori fries, wasabi cole slaw, Tokyo classic, and vanilla shake",,No,Capital Hill,,Yes,
Aroom,Seattle,WA,USA,Cafe,"February 18, 2024",⭐️⭐️⭐️⭐️⭐️,Bacsui,,No,Fremont,,No,
Local Tide,Seattle,WA,USA,American,"February 18, 2024",⭐️⭐️⭐️⭐️⭐️,"Clam chowder, anchovy dressed salad, and dover with chips ",,Yes,Fremont,,No,
Fireside Cantina,Crystal Mountain,WA,USA,Mexican,"February 17, 2024",⭐️⭐️⭐️⭐️,,,No,,,No,
Mamnoon,Seattle,WA,USA,Mediterranean,"February 17, 2024",⭐️⭐️,"Chicken shawarma wrap, pita and humus",Their pita is small and thin — wish it were fluffier,No,Capital Hill,,No,
Boat Bar,Seattle,WA,USA,New American,"February 16, 2024",⭐️⭐️⭐️,"Geoduck, chicory salad, dungess crab doughnut, fries, and bread pudding with burned.. caramel","Small, like really small, plates ",No,Capital Hill,,No,
Monorail Espresso,Seattle,WA,USA,Cafe,"February 16, 2024",⭐️⭐️⭐️⭐️⭐️,"Drinks: raspberry mocha, cardamom rose latte, white mocha, Irish cream, and hot honey mocha. Food: squash bread, spinach bialy",,No,SLU,,No,
Bread & Circuses,Seattle,WA,USA,"American, Sandwiches","February 13, 2024",⭐️⭐️⭐️⭐️⭐️,"Fried chicken sandwich, fried onion, and fried gnocchi bites",Was a food truck outside of Puzzled Pints,No,,,No,
19Gold,Seattle,WA,USA,Chinese,"February 10, 2024",⭐️⭐️⭐️,"House malatang, garlic green beans, scallion pancake, and popcorn chicken",,No,,,Yes,
Coco Bistro & Bar,Chapel Hill,NC,USA,Cafe,"February 5, 2024",⭐️⭐️⭐️⭐️⭐️,Irish creme mocha,100% plant based cafe,No,,,No,
Miso Ramen Bar,Cary,NC,USA,Japanese,"January 28, 2024",⭐️⭐️⭐️⭐️,Tonkotsu ramen (kid sized lol),,No,,,No,
Cheeni,Durham,NC,USA,Indian,"January 27, 2024",⭐️⭐️⭐️⭐️,"Vegetable samosa, Bhel puri, Bengali roast chicken","The chef was recently a finalist for the James Bear best chef award. Food was good, but service was slow and they didn’t put our ticket in the first time unfortunately ",No,,,No,
La Recette Pâtisserie ,Durham,NC,USA,Cafe,"January 21, 2024",⭐️⭐️⭐️⭐️⭐️,,Only open on weekends,No,,,No,
Kang Nam Town,Cary,NC,USA,Korean,"January 20, 2024",⭐️⭐️⭐️,,,No,,,No,
Pho Far East,Raleigh,NC,"France, USA",Vietnamese,"January 13, 2024",⭐️⭐️⭐️⭐️,,,No,,,No,
Boulevard RTP,Morrisville,NC,USA,Cafe,"January 12, 2024",⭐️⭐️⭐️⭐️,,"Has food (desserts like muffins and cake, sandwiches, and salads) and seasonal drinks. The space is pretty and bright. Gets pretty loud during lunch hour because nearby employees gather. Wifi unstable for calls (maybe this was due to influx of people at lunch??)",No,,,No,
Iberian Pig,Atlanta,GA,USA,Tapas,"December 27, 2023",⭐️⭐️⭐️⭐️,,"Really liked, but I prefer their sister restaurant Cooks&Soldiers more",Yes,,,No,
Le Petit Marche,Atlanta,GA,USA,Brunch,"December 27, 2023",⭐️⭐️⭐️,,,No,,,No,
Rita’s,Breckenridge,CO,USA,"Mexican, Tacos","December 21, 2023",⭐️⭐️,,,No,,,No,
Tin Plate,Breckenridge,CO,USA,Pizza,"December 20, 2023",⭐️⭐️⭐️⭐️,,,No,,,No,
Thai 89,Breckenridge,CO,USA,Thai,"December 19, 2023",⭐️⭐️⭐️,,,No,,,No,
Peak Asia,Breckenridge,CO,USA,Vietnamese,"December 17, 2023",⭐️⭐️,,,No,,,No,
Empire Burger,Breckenridge,CO,USA,"American, Sandwiches","December 16, 2023",⭐️⭐️,,,No,,,No,
The Parlour,Durham,NC,USA,Dessert,"December 2, 2023",⭐️⭐️⭐️⭐️,,,No,,,No,
Beyu Caffe,Durham,NC,USA,Cafe,"November 30, 2023",⭐️⭐️⭐️,,"Good, but nothing special tbh. They have wifi to WFH, but no food. Small space.",No,,,No,
Swagat,Morrisville,NC,USA,Indian,"November 27, 2023",⭐️⭐️⭐️⭐️,,Within walking distance from me!,No,,,No,
Door to Door,Cary,NC,USA,Chinese,"November 26, 2023",⭐️⭐️⭐️⭐️,,,No,,,No,
Amsterdam Cafe,Auburn,AL,USA,American,"November 21, 2023",⭐️⭐️⭐️,,,No,,,No,
Hummingbird ,Raleigh,NC,USA,"American, Brunch","November 19, 2023",⭐️⭐️⭐️⭐️⭐️,"Green shakshuka, huevos ranchero",,Yes,,,No,
Esmeralda Grill,Cary,NC,USA,Mexican,"November 19, 2023",⭐️⭐️⭐️⭐️⭐️,,They have $1.50 tacos on Tuesday omg. Same deal 3-6pm Monday-Friday,Yes,,,No,
Anjappar,Morrisville,NC,USA,Indian,"November 18, 2023",⭐️⭐️⭐️⭐️,,,No,,,No,
Rose’s,Durham,NC,USA,"Bakery, Chinese","November 18, 2023",⭐️⭐️⭐️⭐️⭐️,,,Yes,,,No,
Bien Cuit ,Manhattan,NY,USA,Bakery,"November 11, 2023",⭐️⭐️⭐️⭐️,,,No,,,No,
Slate Cafe,Manhattan,NY,USA,Cafe,"November 11, 2023",⭐️⭐️⭐️⭐️,,,No,,,No,
Banh ,Manhattan,NY,USA,Vietnamese,"November 10, 2023",⭐️⭐️⭐️⭐️⭐️,,,No,,,No,
Gelatoville,Manhattan,NY,USA,Dessert,"November 9, 2023",⭐️⭐️⭐️,,,No,,,No,
Van Da,Manhattan,NY,USA,Vietnamese,"November 9, 2023",⭐️⭐️⭐️⭐️⭐️,,"Really good, royal Vietnamese food. Servings are small",No,,,No,
Teranga,Manhattan,NY,USA,African,"November 8, 2023",⭐️⭐️⭐️⭐️⭐️,,,No,,,No,
Don Antonio Pizza,Manhattan,NY,USA,Pizza,"November 8, 2023",⭐️⭐️⭐️,,,No,,,No,
Morgenstern’s Finest Ice Cream,Manhattan,NY,USA,Dessert,"November 7, 2023",⭐️⭐️⭐️⭐️⭐️,,"The guy at the cashier register was kind of like gen-z didn’t care, rude but I freakin love their flavors",No,,,No,
Pranakhon,Manhattan,NY,USA,Thai,"November 7, 2023",⭐️⭐️⭐️⭐️⭐️,,Food was really good but their deceptive about the tip,No,,,No,
Friedman’s,Manhattan,NY,USA,Brunch,"November 5, 2023",⭐️⭐️⭐️⭐️,,Good but not like mind blowing and especially for that price,No,,,No,
Butterfield Market,Manhattan,NY,USA,"American, Bakery","November 5, 2023",⭐️⭐️⭐️⭐️⭐️,,,No,,,No,
THEP Thai,Manhattan,NY,USA,Thai,"November 5, 2023",⭐️⭐️⭐️,,,No,,,No,
TacoVision ,Manhattan,NY,USA,Mexican,"November 4, 2023",⭐️⭐️⭐️⭐️,,"Service was so slow, but food was food. Thick tortilla chips that remind me of Tacorita",No,,,No,
Lawerence BBQ,Durham,NC,USA,BBQ,"October 28, 2023",⭐️⭐️⭐️⭐️,,Too pricey.. but the collard greens were good!!,No,,,No,
La Farm ,Cary,NC,USA,"Bakery, Sandwiches","October 26, 2023",⭐️⭐️⭐️⭐️,,,No,,,No,
Linger,Denver,CO,USA,Fusion,"October 19, 2023",⭐️⭐️⭐️⭐️⭐️,,,No,,,No,
Dog Haus,Colorado Springs,CO,USA,Sandwiches,"October 14, 2023",⭐️⭐️⭐️⭐️⭐️,,,No,,,No,
Shuga’s,Colorado Springs,CO,USA,American,"October 13, 2023",⭐️⭐️⭐️⭐️,,,No,,,No,
Mona Lisa Fondue ,Colorado Springs,CO,USA,Swiss,"October 8, 2023",⭐️⭐️⭐️⭐️,,,No,,,No,
Monse’s Pupuseria,Colorado Springs,CO,USA,Salvadoran,"October 6, 2023",⭐️⭐️⭐️⭐️,,,No,,,No,
Mr. Shuck’s Seafood,Brunswick,GA,USA,Southern,"September 30, 2023",⭐️⭐️⭐️⭐️,,"Everything was yummy, but probably because it was dowsed in garlic butter haha",No,,,No,
Acacia Tree,Morrisville,NC,USA,Chinese,"September 28, 2023",⭐️⭐️⭐️,,Went with CAAN for the mid-autmn festival,No,,,No,
Neomonde Mediterranean,Morrisville,NC,USA,Mediterranean,"September 24, 2023",⭐️⭐️⭐️,,,No,,,No,
KoKyu,Durham,NC,USA,Fusion,"September 23, 2023",⭐️⭐️⭐️⭐️,Hot chicken sandwich; karage bowl; Szechuan cashew broccoli ,I disassembled the leftovers to eat and the burnt ends were really good!! still super tender even after reheating and very flavorful,No,,,No,
St. Roch Fine Oysters,Raleigh,NC,USA,"Brunch, Creole","September 23, 2023",⭐️⭐️⭐️⭐️⭐️,,,No,,,No,
"Press Coffee, Crepes, and Cocktails",Durham,NC,USA,Cafe,"September 22, 2023",⭐️⭐️⭐️⭐️,,,No,,,No,
Ajja,Raleigh,NC,USA,Mediterranean,"September 21, 2023",⭐️⭐️⭐️⭐️,,,No,,,No,
Momiji,Seattle,WA,USA,Sushi,"September 18, 2023",⭐️⭐️⭐️⭐️⭐️,"Dragon breath, street fighter, caterpillar, fried calamari, and edamame",,No,,,No,
Papa Arepa,Seattle,WA,USA,Venezuelan,"September 17, 2023",⭐️⭐️⭐️⭐️,,,No,,,Yes,
Saint Bread,Seattle,WA,USA,"Bakery, Sandwiches","September 17, 2023",⭐️⭐️⭐️⭐️,,We got there at 11:30am and waited in line for 30 minutes. NO pastries :((,No,,,No,
Secret Savory,Seattle,WA,USA,Thai,"September 17, 2023",⭐️⭐️⭐️,,,No,,,Yes,
Xi’An Noodles,Seattle,WA,USA,Chinese,"September 15, 2023",⭐️⭐️⭐️⭐️,,,No,,,No,
Spinasse,Seattle,WA,USA,Italian,"September 14, 2023",⭐️⭐️⭐️⭐️⭐️,,,No,,,No,
Espresso Vivace,Seattle,WA,USA,Cafe,"September 13, 2023",⭐️⭐️⭐️⭐️,,"Only a few pastries in the stand, but they have lots of seating, WIFI, and coffee",No,,,No,
Bangrak Market,Seattle,WA,USA,Thai,"September 13, 2023",⭐️⭐️⭐️⭐️⭐️,,,Yes,,,No,
Rubinstein’s Bagels,Seattle,WA,USA,Sandwiches,"September 10, 2023",⭐️⭐️⭐️⭐️,,,No,,,No,
Bulkogi,Durham,NC,USA,"Fusion, Korean","September 8, 2023",⭐️⭐️⭐️⭐️⭐️,,,No,,,No,
Noodle Boulevard,Cary,NC,USA,Japanese,"September 6, 2023",⭐️⭐️⭐️⭐️,,,No,,,No,
Andia’s,Cary,NC,USA,Dessert,"September 6, 2023",⭐️⭐️⭐️⭐️,"Salted caramel, dark chocolate, brownie batter, coffee bean crunch, peanut butter swirl, and tiramisu. Strawberry shortcake crumble and dark chocolate raspberry (2/24). Lavender and couch potato (3/24). Malted Twix and Oreo latte. Duke’s Children ChocoBerry Dream and Summer Blues (6/13)",,No,,,No,
No. 1 Pho,Morrisville,NC,USA,Vietnamese,"September 4, 2023",⭐️⭐️⭐️⭐️,,,No,,,No,
Q Noodle,Cary,NC,USA,Chinese,"September 3, 2023",⭐️⭐️⭐️,,,No,,,No,
Guglhupf Bakery ,Chapel Hill,NC,USA,Bakery,"September 1, 2023",⭐️⭐️⭐️,,,No,,,No,
Sweet Room,Cary,NC,USA,Dessert,"August 31, 2023",⭐️⭐️⭐️,,,No,,,No,
Cafe Soul Cups,Cary,NC,USA,Cafe,"August 26, 2023",⭐️⭐️⭐️⭐️⭐️,,,No,,,No,
Dampf Good BBQ,Cary,NC,USA,BBQ,"August 26, 2023",⭐️⭐️⭐️⭐️⭐️,,,No,,,No,
Riverview Restaurant,Carolina Beach,NC,USA,Southern,"August 18, 2023",⭐️⭐️⭐️⭐️,,,No,,,No,
Britt’s Donut ,Carolina Beach,NC,USA,Bakery,"August 18, 2023",⭐️⭐️⭐️⭐️⭐️,,Best donuts: they were so light and fluffy,No,,,No,
Shuckin’ Shack,Carolina Beach,NC,USA,American,"August 16, 2023",⭐️⭐️⭐️,,"The shrimp in the low country boil was good, wait time for everything was too ling",No,,,No,
Meet Fresh,Chapel Hill,NC,USA,Dessert,"August 10, 2023",⭐️⭐️,,,No,,,No,
Iza,Chapel Hill,NC,USA,"Japanese, Sushi","August 10, 2023",⭐️⭐️⭐️⭐️,,"Everything was yummy, but not standout to give 5 stars if that makes sense?",No,,,No,
Brecotea ,Cary,NC,USA,Bakery,"August 5, 2023",⭐️⭐️⭐️⭐️⭐️,,Best Asian bakery near me,Yes,,,No,
Peck & Plume,Cary,NC,USA,"American, Brunch","August 5, 2023",⭐️⭐️⭐️,,,No,,,No,
Asean StrEat,Seattle,WA,USA,"Bakery, Filipino, Thai, Vietnamese","July 31, 2023",⭐️⭐️⭐️⭐️⭐️,,,No,,,No,
Café Campagne,Seattle,WA,USA,French,"July 30, 2023",⭐️⭐️⭐️⭐️,,"Felt like were back in Paris (lol) no AC and forever to get the check, but food was good just like in France ",No,,,No,
Nue,Seattle,WA,USA,Fusion,"July 30, 2023",⭐️⭐️⭐️⭐️⭐️,,Best small bites: Will and my new Linger?? ,No,,,No,
La Parisienne French Bakery,Seattle,WA,USA,Cafe,"July 29, 2023",⭐️⭐️⭐️⭐️,,,No,,,No,
Kedai Makan,Seattle,WA,USA,Malaysian,"July 29, 2023",⭐️⭐️⭐️⭐️⭐️,,Best Malaysian: Makes me wish more Malaysian restaurants existed!! Yum,No,,,No,
Macrina,Seattle,WA,USA,Cafe,"July 28, 2023",⭐️⭐️⭐️⭐️,,,No,,,No,
Maiz ,Seattle,WA,USA,Mexican,"July 28, 2023",⭐️⭐️⭐️⭐️⭐️,,,No,,,No,
Wild Ginger,Seattle,WA,USA,Fusion,"July 28, 2023",⭐️⭐️⭐️⭐️,,Good but not impressive if that makes sense,No,,,No,
M Sushi,Durham,NC,USA,Sushi,"July 22, 2023",⭐️⭐️⭐️⭐️,,,No,,,No,
Boba Baba,Cary,NC,USA,Cafe,"July 22, 2023",⭐️⭐️⭐️⭐️,,,No,,,No,
Taipei 101,Cary,NC,USA,Chinese,"July 22, 2023",⭐️⭐️⭐️⭐️,,,No,,,No,
Chengdu 7,Cary,NC,USA,Chinese,"July 12, 2023",⭐️⭐️⭐️⭐️⭐️,,,No,,,No,
Nord’s Restaurant,Keflavik,,Iceland,Cafe,"June 30, 2023",⭐️⭐️⭐️⭐️,,"For airport and quick, not bad at all",No,,,No,
Max’s Restaurant,Keflavik,,Iceland,Icelandic,"June 29, 2023",⭐️⭐️⭐️⭐️⭐️,,,No,,,No,
Hali Country Hotel,Hofn,,Iceland,Icelandic,"June 28, 2023",⭐️⭐️⭐️⭐️⭐️,,,No,,,No,
GK Bakari ,Selfoss,,France,Bakery,"June 28, 2023",⭐️⭐️⭐️⭐️⭐️,,,No,,,No,
Valis,Reykjavik,,Iceland,Dessert,"June 26, 2023",,,,No,,,No,
Bæjarins Beztu,Reykjavik,,Iceland,Sandwiches,"June 26, 2023",⭐️⭐️⭐️⭐️⭐️,,,No,,,No,
Ritz Le Comptoir ,Paris,,France,Bakery,"June 25, 2023",⭐️⭐️⭐️⭐️,,,No,,,No,
Echo,Paris,,France,Brunch,"June 25, 2023",⭐️⭐️⭐️⭐️,,,No,,,No,
Bistrot Paul Bert,Paris,,France,French,"June 24, 2023",⭐️⭐️⭐️⭐️⭐️,,,No,,,No,
Une Glace à Paris,Paris,,France,Dessert,"June 24, 2023",⭐️⭐️⭐️⭐️,,Inspired to go because it was in the NYtimes 36 hours in Paris article,No,,,No,
Les Resistants,Paris,,France,"Brunch, French","June 24, 2023",⭐️⭐️⭐️⭐️,,,No,,,No,
Les Arlots,Paris,,France,French,"June 23, 2023",⭐️⭐️⭐️⭐️⭐️,,,No,,,No,
Cuppa Cafe,Paris,,France,Cafe,"June 23, 2023",⭐️⭐️⭐️⭐️,,,No,,,No,
Tapisserie,Paris,,France,Bakery,"June 23, 2023",⭐️⭐️⭐️⭐️⭐️,,,No,,,No,
Frenchie,Paris,,France,"French, Tasting Menu","June 22, 2023",⭐️⭐️⭐️⭐️⭐️,,,No,,,No,
Little Red Door ,Paris,,France,Bar,"June 22, 2023",⭐️⭐️⭐️⭐️,,#5 in the World’s 50 best bars list,No,,,No,
Nomad’s,Paris,,France,Fusion,"June 22, 2023",⭐️⭐️⭐️,,,No,,,No,
The French Bastards ,Paris,,France,Bakery,"June 22, 2023",⭐️⭐️⭐️⭐️⭐️,,Best bakery in Paris,No,,,No,
L’Ami Jean,Paris,,France,French,"June 21, 2023",⭐️⭐️⭐️⭐️⭐️,,,No,,,No,
Pierre Hermé ,Paris,,France,Bakery,"June 21, 2023",⭐️⭐️⭐️⭐️⭐️,,,No,,,No,
Mokonuts ,Paris,,France,French,"June 21, 2023",⭐️⭐️⭐️⭐️⭐️,,,No,,,No,
Bo&Mie ,Paris,,France,Bakery,"June 21, 2023",⭐️⭐️⭐️⭐️,,,No,,,No,
Fou Patisserie ,Paris,,France,Bakery,"June 19, 2023",⭐️⭐️⭐️⭐️⭐️,,Bakery that carries various patisserie from bakers across Paris,No,,,No,
Maison Aleph ,Paris,,France,Bakery,"June 19, 2023",⭐️⭐️⭐️⭐️,,,No,,,No,
Madame Brasserie,Paris,,France,French,"June 19, 2023",⭐️⭐️⭐️,,One of two restaurants in the Eiffel Tower,No,,,No,
Kozy ,Paris,,France,Brunch,"June 19, 2023",⭐️⭐️⭐️⭐️,,,No,,,No,
Frenchie To Go,Paris,,France,Sandwiches,"June 18, 2023",⭐️⭐️⭐️⭐️⭐️,,,No,,,No,
Benoit,Paris,,France,French,"June 18, 2023",⭐️⭐️⭐️⭐️⭐️,,,No,,,No,
Brasserie Saint Maurice,Annecy,,France,Savoyarde,"June 17, 2023",⭐️⭐️,,Keep in mind I was very sick this day (at the low rating),No,,,No,
Baba La Grenouille,Lyon,,France,French,"June 16, 2023",⭐️⭐️⭐️,,,No,,,No,
Boulangerie Saint-Paul ,Lyon,,France,Bakery,"June 16, 2023",⭐️⭐️⭐️⭐️,,,No,,,No,
Armada,Lyon,,France,Tapas,"June 16, 2023",⭐️⭐️⭐️⭐️,,,No,,,No,
Le Pain Des Jacobins,Lyon,,France,Bakery,"June 15, 2023",⭐️⭐️⭐️⭐️,,,No,,,No,
Daniel et Denise,Lyon,,France,Lyonnais,"June 15, 2023",⭐️⭐️⭐️⭐️,,,No,,,No,
Les Eclaireurs ,Lyon,,France,Bakery,"June 14, 2023",⭐️⭐️⭐️⭐️,,,No,,,No,
Breizh Crepes,Lyon,,France,French,"June 14, 2023",⭐️⭐️⭐️⭐️⭐️,,,No,,,No,
Slake Coffee,Lyon,,France,"Brunch, Cafe","June 14, 2023",⭐️⭐️⭐️,,,No,,,No,
Café Comptoir Abel,Lyon,,France,Lyonnais,"June 13, 2023",⭐️⭐️⭐️⭐️⭐️,,"Will liked this place so much, we made a reservation again for our four days in Lyon ",No,,,No,
Antica Focacceria San Francesco,Catania Sicily,,Italy,Italian,"June 13, 2023",⭐️⭐️⭐️⭐️,,,No,,,No,
Ristorante Sant’Andrea,Taormina Sicily,,Italy,Italian,"June 12, 2023",⭐️⭐️⭐️⭐️,,,No,,,No,
Ristorante de Filippino,Lapari Sicily,,Italy,Italian,"June 12, 2023",⭐️⭐️⭐️⭐️⭐️,,,No,,,No,
Da Cristina,Taormina Sicily,,Italy,Italian,"June 11, 2023",⭐️⭐️⭐️⭐️,,,No,,,No,
Al Duomo Ristorante,Taormina Sicily,,Italy,Italian,"June 10, 2023",⭐️⭐️⭐️⭐️,,,No,,,No,
Antica Focacceria Sapori Siciliani,Cefalù Siciliy,,Italy,"Italian, Pizza","June 10, 2023",⭐️⭐️⭐️⭐️,,The pizza’s bread dough was so fluffy and yummy,No,,,No,
Al Porticciolo,Cefalù Siciliy,,Italy,Italian,"June 9, 2023",⭐️⭐️⭐️,,,No,,,No,
Osteria La Bettolaccia,Trapani Sicily,,Italy,Italian,"June 8, 2023",⭐️⭐️⭐️⭐️,,,No,,,No,
Trattoria del Selle,Trapani Sicily,,Italy,Italian,"June 8, 2023",⭐️⭐️⭐️,,,No,,,No,
La Terrazza Degu Dei,Agrigento Sicily,,Italy,Italian,"June 7, 2023",⭐️⭐️⭐️⭐️,,,No,,,No,
Il Re di Grigento,Agrigento Sicily,,Italy,Italian,"June 7, 2023",⭐️⭐️⭐️⭐️⭐️,,,No,,,No,
Caffetteria Donnafugata,Ragusa Sicily,,Italy,Italian,"June 6, 2023",⭐️⭐️⭐️,,,No,,,No,
Ciccio Sultano Duomo,Ragusa Sicily,,Italy,Italian,"June 6, 2023",⭐️⭐️⭐️⭐️⭐️,,Two star Michelin restaurant,No,,,No,
Caffe Sicilia,Noto Sicily,,Italy,Cafe,"June 5, 2023",⭐️⭐️⭐️⭐️,,,No,,,No,
I Banchi,Ragusa Sicily,,Italy,Italian,"June 5, 2023",⭐️⭐️⭐️⭐️⭐️,,My favorite piece of fish during the Sicily trip. It was so tender!!,No,,,No,
Trattoria del Buongustaio,Ortigia Sicily,,Italy,Italian,"June 4, 2023",⭐️⭐️⭐️,,,No,,,No,
Bar Cristina,Ortigia Sicily,,Italy,"Italian, Pizza","June 4, 2023",⭐️⭐️⭐️,,,No,,,No,
Don Camillo,Ortigia Sicily,,Italy,Italian,"June 3, 2023",⭐️⭐️⭐️⭐️,,,No,,,No,
Palinuro,Catania Sicily,,Italy,Italian,"June 3, 2023",⭐️⭐️⭐️,,,No,,,No,
Peppe Pizzeria,Paris,,France,Pizza,"June 2, 2023",⭐️⭐️⭐️⭐️⭐️,,,No,,,No,
Her Place Supper Club,Philadelphia,PA,USA,New American,"May 23, 2023",⭐️⭐️⭐️⭐️⭐️,,Best tasting menu ,No,,,No,
Doi Moi,Washington DC,,USA,Vietnamese,"May 23, 2023",⭐️⭐️⭐️⭐️⭐️,,,No,,,No,
Chinatown Garden,Washington DC,,USA,Chinese,"May 22, 2023",⭐️⭐️⭐️⭐️,,,No,,,No,
Harris Crab House,Grazonville,MD,USA,American,"May 22, 2023",⭐️⭐️⭐️⭐️⭐️,,,No,,,No,
Village Vine Bistro & Wine Bar,Swarthmore,PA,USA,New American,"May 20, 2023",⭐️⭐️⭐️⭐️,,,No,,,No,
JJ’s Thai Cuisine,Philadelphia,PA,USA,Thai,"May 17, 2023",⭐️⭐️⭐️⭐️⭐️,,,No,,,No,
Ariano’s,Media PA,PA,USA,Italian,"May 16, 2023",⭐️⭐️⭐️⭐️,,,No,,,No,
South Philly Barbacoa,Philadelphia,PA,USA,Mexican,"May 15, 2023",⭐️⭐️⭐️⭐️⭐️,,,No,,,No,
Rye BYOB,Media PA,PA,USA,"American, Brunch","May 14, 2023",⭐️⭐️⭐️⭐️,,,No,,,No,
Irwin’s,Philadelphia,PA,USA,Italian,"May 12, 2023",⭐️⭐️,,,No,,,No,
Sally,Philadelphia,PA,USA,Pizza,"April 30, 2023",⭐️⭐️⭐️⭐️,,,No,,,No,
1-900 Ice Cream,Ardmore,PA,USA,Dessert,"April 30, 2023",⭐️⭐️⭐️⭐️,,,No,,,No,
La Cannelle Cafe,Media PA,PA,USA,"American, Brunch","April 29, 2023",⭐️⭐️⭐️⭐️,,,No,,,No,
Faubourg,Montclair,NJ,USA,French,"April 8, 2023",⭐️⭐️⭐️⭐️⭐️,,,No,,,No,
Nami Nori,Montclair,NJ,USA,Japanese,"April 8, 2023",⭐️⭐️⭐️⭐️⭐️,,"Everything is yummy, but serving sizes are so small imo.. was satisfied but not full",No,,,No,
Madame Vo,Manhattan,NY,USA,Vietnamese,"April 7, 2023",⭐️⭐️⭐️⭐️⭐️,,"Service was not good, but Trinh said she liked the food so it got a good stamp of approval ",No,,,No,
Kesté,Manhattan,WA,USA,Pizza,"April 7, 2023",⭐️⭐️⭐️,,,No,,,No,
Tabachoy,Philadelphia,PA,USA,Filipino,"April 2, 2023",⭐️⭐️⭐️⭐️⭐️,,,No,,,No,
Emei ,Philadelphia,PA,USA,Chinese,"April 2, 2023",⭐️⭐️⭐️⭐️,,,No,,,No,
Royal Sushi & Izakaya,Philadelphia,PA,USA,Japanese,"April 1, 2023",⭐️⭐️⭐️⭐️⭐️,,,No,,,No,
Blue Corn,Philadelphia,PA,USA,Mexican,"March 29, 2023",⭐️⭐️⭐️⭐️,,,No,,,No,
Down North Pizza,Philadelphia,PA,USA,Pizza,"March 24, 2023",⭐️⭐️⭐️⭐️,,,No,,,No,
At Earth’s End,Princeton,NJ,USA,Cafe,"March 18, 2023",⭐️⭐️⭐️⭐️,,,No,,,No,
Suraya,Philadelphia,PA,USA,Lebanese,"March 17, 2023",⭐️⭐️⭐️⭐️⭐️,,Best Lebanese food,No,,,No,
Red Gate Bakery ,Manhattan,NY,USA,Bakery,"March 11, 2023",⭐️⭐️⭐️,,,No,,,No,
Supermoon Bakehouse,Manhattan,NY,USA,Bakery,"March 11, 2023",⭐️⭐️⭐️⭐️⭐️,,,No,,,No,
Kopitiam,Manhattan,NY,USA,Malaysian,"March 11, 2023",⭐️⭐️⭐️⭐️⭐️,,,No,,,No,
Sweet Bean,Chicago,IL,USA,Cafe,"March 8, 2023",⭐️⭐️⭐️⭐️⭐️,,,No,,,No,
Mapo,Naperville,IL,USA,Chinese,"March 8, 2023",⭐️⭐️⭐️⭐️⭐️,,,No,,,No,
MingHin Cuisine,Chicago,IL,USA,Chinese,"March 8, 2023",⭐️⭐️⭐️⭐️,,,No,,,No,
Evette’s,Chicago,IL,USA,Mediterranean,"March 7, 2023",⭐️⭐️⭐️⭐️,,,No,,,No,
Café Crèmerie,Chicago,IL,USA,Cafe,"March 7, 2023",⭐️⭐️⭐️,,,No,,,No,
Devil DawgsMa,Chicago,IL,USA,Sandwiches,"March 7, 2023",⭐️⭐️⭐️⭐️,,,No,,,No,
Kendall College Dining Room,Chicago,IL,USA,Italian,"March 6, 2023",⭐️⭐️⭐️⭐️,,,No,,,No,
Sushi-San,Chicago,IL,USA,Japanese,"March 5, 2023",⭐️⭐️⭐️⭐️⭐️,,,No,,,No,
Roxanne,Philadelphia,PA,USA,New American,"February 20, 2023",⭐️⭐️⭐️⭐️⭐️,,Best/most creative tasting menu,No,,,No,
Palace of Asia,Princeton,NJ,USA,Indian,"February 17, 2023",⭐️⭐️⭐️⭐️⭐️,,,No,,,No,
Mistral,Princeton,NJ,USA,American,"February 16, 2023",⭐️⭐️⭐️⭐️,,,No,,,No,
Càphê Roasters,Philadelphia,PA,USA,Cafe,"February 16, 2023",⭐️⭐️⭐️⭐️⭐️,,,No,,,No,
Local Greek,Princeton,NJ,USA,Mediterranean,"February 12, 2023",⭐️⭐️⭐️⭐️,,,No,,,No,
Jammin Crepes,Princeton,NJ,USA,Brunch,"February 11, 2023",⭐️⭐️⭐️⭐️,,,No,,,No,
The Bent Spoon,Princeton,NJ,USA,Dessert,"February 11, 2023",,,,No,,,No,
The Lucky Well,Philadelphia,PA,USA,BBQ,"February 11, 2023",⭐️⭐️⭐️⭐️,,,No,,,No,
El Merkury,Philadelphia,PA,USA,Central American,"January 28, 2023",⭐️⭐️⭐️⭐️⭐️,,,No,,,No,
Pizzeria Vetri,Philadelphia,PA,USA,Pizza,"January 28, 2023",⭐️⭐️⭐️⭐️⭐️,,,No,,,No,
Schouse,Princeton,NJ,USA,Chinese,"January 27, 2023",⭐️⭐️⭐️⭐️⭐️,,,No,,,No,
Amada,Philadelphia,PA,USA,Tapas,"January 26, 2023",⭐️⭐️⭐️⭐️,,,No,,,No,
Autana,Ardmore,PA,USA,Venezuelan,"January 21, 2023",⭐️⭐️⭐️⭐️⭐️,,,No,,,No,
Maman,Princeton,NJ,USA,Cafe,"January 20, 2023",⭐️⭐️⭐️,,,No,,,No,
Agricola,Princeton,NJ,USA,American,"January 19, 2023",⭐️⭐️⭐️⭐️,,,No,,,No,
Ristretto Lounge,Auburn,AL,USA,Cafe,"January 10, 2023",⭐️⭐️⭐️⭐️⭐️,,,No,,,No,
Food Terminal,Atlanta,GA,USA,Malaysian,"January 7, 2023",⭐️⭐️⭐️⭐️,,,No,,,No,
Cooks & Soldiers,Atlanta,GA,USA,Tapas,"January 7, 2023",⭐️⭐️⭐️⭐️⭐️,,,No,,,No,
Bow & Arrow ,Auburn,AL,USA,BBQ,"January 6, 2023",⭐️⭐️⭐️,Chicken fajitas; brisket; fried tilapia; bbq nachos,,No,,,No,
Chick chick Pork pork,Auburn,AL,USA,Korean,"January 6, 2023",⭐️⭐️⭐️⭐️,,,No,,,No,
Uniq Coffee,Auburn,AL,USA,Cafe,"January 5, 2023",⭐️⭐️⭐️⭐️⭐️,,,No,,,No,
Beyond the Wok,Auburn,AL,USA,Chinese,"January 1, 2023",⭐️⭐️⭐️⭐️,,,No,,,No,
Nina & Rafi,Atlanta,GA,USA,Pizza,"December 23, 2022",⭐️⭐️⭐️⭐️⭐️,,,No,,,No,
Fiorella,Philadelphia,PA,USA,Italian,"December 11, 2022",⭐️⭐️⭐️⭐️⭐️,,Best pasta: was on Phil Rosenthal’s episode of Philadelphia! ,No,,,No,